{"file_hashes":[{"block_hashes":["ZTp11goWpp/QP1ILA/GhN6+iDgb8OJHaFAMHJDoGYeY="],"block_size":4096,"path":"dist/background.js"},{"block_hashes":["yGZp0fPt3OCFG775qkqro6lTH0RHkD0JJ4aB2uhO7s4=","G/mci1yyMVtZ336fCX+hmptZsbGbek9pWYgF0RUmeDE=","XvjFqpUCPiNwqSHrD9xokYZQNK5MGbOe3g4wzStxqEU=","4m+aT0Pzwx67Bp/3r4+v4KX14z9to78o9iNYRFMVMOA=","BCt1HTiUfn9X8q/mmez1yKhHoGErR3QDTM46AiY0Tvw=","7RK+tuSuHZ01YszHoKuhCj047UGw19BwLoEgx2EVNdI=","4MuaiHZ9LV0wFUOS4MYm+gp5nEFrXCEpyuanA09khy4="],"block_size":4096,"path":"dist/Inter-extension-5QKZGSLD.woff2"},{"block_hashes":["UW9Yj60c0nb/lpeQ9np7ppNjQWaKviQpPyXDuk3FFMg=","cn4jbTp0bdHnssF1V4haBz/e2sZOMNKjSsPmwjNERY0=","xPy4qf/8v/1X30yEUneUAnuM92BXfXREbShJfzy1ISc=","e7pDbCoHtZdDZH0Be8HpCI+XOieibY+GoyIxE7FqCHk=","E/i2yhHUFDV86ica0s3ZY2VK3MM/bmM/IXtJiuztB3A=","bOBVn8cf5uk9BretwpuFZFEECl7D1Yk9/GOwKE6oTSY=","p0uzr/jGYr0SMuIlgoDJOf15b7jD3LKRKjBNTXdK/Gk=","jDqxqmnvtljRD7faak/wmeeDyixR7lXhxRggbw/ggQ8=","GKiifx40hX6QnJi650SiozXY8BdHHhCdfT1VWZCoXwg=","kN4ZGfXrcyPEm0tm1bOJsKQMwp0rjTcdIQ/SlxqR1LM=","3QpdzjTQAEoLvR0KTNZZNSCYlj915A5pygLH2X//2QI=","iKqpVJ1DOFompDaBh/KPoKa9MQTw7Ge03gteVMjSiUw="],"block_size":4096,"path":"dist/Inter-ZGS3Y2T4.woff2"},{"block_hashes":["S84UaOq0AnXX60KEiorU9xbclXnqCVZIm7LToPpF1v4="],"block_size":4096,"path":"dist/msauth.js"},{"block_hashes":["hMD8jzH01fmURDucS6Eo/rd5zP0a7xc1lTAQnzWUHgM=","Kj2fLc8MAKQ63P/UIIxxKoQw8RzLeNZn6wLZSh2UTAY=","k4js2zYNSia+gzVuidsAP8DX5ngZX1t7vz57WaP1rVs=","u0l1AUBM4O9MVkgkJYVfT0oPEe2MLUhceJKeryQ0opU=","fG3kL8b/jwWWSnnzBId3asWmvHSv9o660nbSalu3M0k=","YDpGF0kwNwHWC4dsgoyTvttYOcHXH4Lymv94s2yutio=","bXIfIHltliDO3JISSqqYETeDU+WMOTtKjfuPcCkwjuc=","4pOWqHHaRnE5P9nj1TZvIELGZzTcmxSC7ldRvx2trhs=","/xcs1pJoN6mC/zvpX0Pz9N7afeUO4Z7vnAukG/HFTnc=","Q5uRJ18M0FoVYyGdgXaZmATvRIOhQmqQUwwbPFzQVvY=","QTctyDxzTFInLMdgqAwXi4Tkz5x/SaiKB6Y3AoXRbg0=","gHIctJ71/dI0EEPe7eJv+xtrcyJQyN+TOV9eX0RAsYA=","ce4EqVDS6CeWiInOP01L3LO1Eq0M/YbW9z5EmNrCIWI=","RBJlGPB+hc/K7xyb5w5Php1ZC15U80DBkFuib8peXBE=","iwrJwxe7jnhJaQ7IcEhgfCa5bwSOUPoBFgd93iyXJVM=","uW9GTPkIyTUQ9zRg1jqP9dZu3NERBbrSiH5kLw+8ttY=","4ua3j4zN+dGNoV4AdnMyziZA62wVMKkb64KhchUkGLQ=","EE1lPfze6iBM3+1AmLvi5DuVKY1O9ubpwcf5pfsZWQc=","RuZC+Ic6lZyXkWD53JHT6r3FcKrcJCvfri80HTnk9Gg=","2JeLkSZ4OJR9F51CsE3OIPZ0XPaqNJU2D5m6371SEyo=","jQun6OZUKc07slUPO6qFo7HdoDD8THY4AbbwA48D5go=","68Rz2DyR3iYsAZZUWWNLtT67c/0QHoiTcUokjilMjds=","WeRB+/V6cEmsrGcdlUlfADg43c59o55BPIxiZTJ8mbM=","6+kANT1bEQ9DkH/KSs1Aoq1mSxMuTCnpbDnrwthPdWE=","2588u2cPejb0wcH34Ie11lzC9qY9rIj+EnLvsMHkNYo=","2wdAbyZrTYE74ppDzWV+JX6nPm4Vbu2uwmaqARLn4qo=","pdNovE5lj4C4S9K7q312dnRKAANwo0Hfro+i4C2dnrM=","Cc0l9hUhtIE9sLEMhITXtvEsOb7A4i6/SKShbqq/0iQ=","4jJEcCC5clhBlq05P5X2oe6MuDipISExMj5AvAbizW8="],"block_size":4096,"path":"dist/sidepanel.css"},{"block_hashes":["FurrONMAWwjJK7tt7dnRfbCgtIrTxlU/7gz5PL0udMM=","VyXkcnKGblRmekhZ9jP/RtiQSNSINsAhSeQ6cFfU0KA=","NSNsoH8vMV9oC3N0r/7pNY6HyiImtkmyOb5H4wqbUWk=","wj2H774/PVX7G+tOnxiX1ijgmYXTVe2mW37aiMerZn0=","54EtBQxo3Wc3XoTslWYcUjlAddFs7qFCCaZjHj3TT0g=","m38yhP42YoB/vT43W4/X54kbyppHWMkjou0o7QY9Zsk=","gY8opnokxXTP5FBSES0VkFnfy+iCQHiz9c1YX3TNAJI=","Hj2IoHSBpsRCb+8uYpD2aYghjv6v1qu1V7hglYYe9XQ=","oQIe54w8CkZ0dBgRw9GIktIwdCXBv299i0z1VGiKjO0=","KydhyjxQ/QcwVLyMdpxrmGCigrahoh5ET/paT8tWR7Y=","K9NXU0Cm7KacbK+UJAUWP+5W/rQGZ2cwvEwiR3hBmxs=","l7x0/UyhcdUfvGXY/nqiE0kjQz2yJS7kVslXVLIlHK4=","PMzJwHxLz8a9HkaZkBAbSbV8mOWlHBO5LaSS1gEhgJw=","n3A6a2Mh6ubWOrbv7uGlcE5tczaRmIyIh5Z3tWLPTtU=","aGxEZ8C8GTgCRKjcZNFUIDV6oY2X1Zj76OfHSR2ghIU=","aqDvAwdTLA/K/yY2iruBLf5Y0HZD3OY6UYpbo3bdKsw=","27Q0kG4I9j4/9dN+sRL578+QLrCWBY6Al4Q/H2iwSew=","HwBYhVEGmpOaCJmnipX2W9NiDL7Pe5Ox0Ir/6r42VRk=","xI4ZoXGR+hpEsKYJSzdNlc+CIFY98c4eG++FL+eL70Y=","mlEI3oUzaNDpwpB8wCiq2Q6QlCpCOZ0aUw23pB0ZguQ=","jQk8wwQo2HgZurVwWVIw8yPA8/Dw2ybBItMpOlKb1bE=","ZEQxwvEBh9fNwRYeBVv4qS7sYe9qyWHyRNHq9mSZ2CA=","ZcNsWaETFkRE9sMeltYS+5plisvCDdQH4GftS9pQ57c=","nspYWOlcEmNjz2U0unXT+sQ+H2nJkkqZfWawNKhrew4=","fGjnBJYbK+ZQwuK10aTjqINKnNaVQqA/dU5fnKEdZCU=","+aQe1/UksITorEifU77PM/AYDQqFYHzdeyAPwT5TGx4=","2wGfIFIp2HU3qPqKe+lriBoGO22sjeCMDtcLhorPnbk=","Y6tcxiY7MRYCQMgivRWgwTYGbX469DAvokruMzf4T7k=","3bKxft76eqm87ULApWVlLLfV31aCd4QAoTPQli4bqFY=","QjSI0T9XUBfSoNQqN+vnU5XC73Xf9LuyAR8NsyAMYBg=","vmGGR8UJuz3XbozJnDSnPATTREjTxEKlZ1tgXjbPGg8=","b7eFujanIbI+PmlZncbCVDpof5iZPGUph9voLAXQFiQ=","NQBtCIChyUhOxdMA+Dx+FP1AgvMoNHaxDfQfqYPY+1k=","wbvLHtkGRUE3eG6uBcw37sMaiD2C85/5bRCMIOtbC7I=","vqGzONEhHVDyQCsC7GcGwS2hu48heLXcAPfMVLRqhb8=","5Ct1UW1K1SFvK+dg8ETusxPWEuABgzyhOE7nRZZeQUs=","p54jX12KA6qZkvbhTAz/vg5BX9UlIIy55Cvf7GHDS98=","dMqQDqzEiwybOR6fDpW2mv8kUbs8iNcV08507jdYqTw=","ZHhAuOran5FHy1FP8EKih552sFTQSVQlIiVBYYT5Ri8=","ZRBEQgk2afDXCQf9gHIO9PuGyjELSKKSFHDsuhOHYRY=","RF2Fne6lS7fHQaUr5LN186gawWGZlYDG1ZCQMaYo3DA=","13VH+9ypeL7dgcaDhfLC+i77erDTJ6mLUHp5xmcYtMg=","5yasO2hsNB+vxF8G8ReEaBPi17vlBy5fYbBmpAn7tzE=","licwb0qSEprCNSb5dvvP6a39t8FtPQhmW6FmL7ZmW30=","U4anskZa4MTc4OkEsG0vTgO+1KG32v3TgTZXri8JC7Y=","+ePK8qqC7edhteS6L5ebNxd2yFAWq1Jpz75u0NMa9OE=","p6CT0DphuDHIkI8lZhcWd6Ll/10L0JMtErgU52f8Au0=","gcYeYV7pzKB0Xs/UtSFcjC5J8WrXv57+4mrToOnP44c=","fbRn2rZvRfRs3hHjEc16XJH8mPIRYD2YCsBndN1GbBw=","nHcbToSWlLgoEr7jkDe052TU0gp4ANIGOarPvLy5Dk0=","EB4nA7xTNQO/h+2pKK7kwNuLA9dAuLSIi8plawk88rg=","6/QS9JeFHRLEVFjDLZbfVSaHo6Cd/OgxeUKFnq2bm7M=","a75FEkqwD00QnxOZ0Z6AS3lNM7yvmMRE/S9/8eUKUQg=","2UbZvoW5fw5pE4UuSaBgiTe7VzH0PUBh2+9LOjY299M=","yMYEMXr3QmRHnQC8iGFKPWyfuwAT6hTCanppuvlo3qs=","DgN+k4eEyatJnhc48JccA7p9TdmKUSYpG972Mjwic94=","/Dgp62jQoLMFKxb/F6VokJvm3bJrc4iqeHzZe8cWYnA=","ZGU4CJc8KR4pO2VM2xOAoXkfdgo0ovdFClLasHJholU=","09E+zSOjdEfj2Q3i13fIQ500lf2lrKrCn5eZzJc/1Nc=","1SZbPC0pyqwzmCjkzChVlFBI+y36AFc9WefS+CjOryE=","sMaG/pH99AICmf/WlLZvJB14s6BehM1+866dPOS268Q=","IYLCnpSxrf75EKwIEUvrd2dh+UT4CLZWexdE6ERfxRg=","6Ihf/XoVOhDwkVp/lYnnXW0cTeoDrJS8GQRGf3cphko=","OYmzHqg5HgzdS/T/zo0aBw7Rq/QnCVaIHf+XQqGWoso=","ZoOnA/unw6ipgK2aslng+UiySmjU6UnXJuj+9qvUOEQ=","67NsehzQa/CvHfbitqV7Z0CFltYUwuF8ALP1b1NjnhU=","S6995xJcevx741qs4hU3dCkJVY5wXKYI9WyQUGVygvg=","msMwXpF8SGxS2DXIAN3Lv8g3HTd1GhuOLd1yJQ3UztU=","sfvU7hX5NNPgkX4pGy1JPiypvdgxF38P3GEaNrsCYMA=","C4vjcjGvIaTUw+JMvdjomhf1he8Wk7dRwpwZvDouicE=","3bqEsmp4t/n+9RorX8qYM6luDAxCei3QHjabOsvGEUc=","q7AP8lnYklbuqj53TVMoxAHfEdxH+b4ukbjd2rsgQB8=","KRJ7UdAF15wHxb7P1W+Vr/FBjH2+fFgb+9ShbRzVcAM=","aQkByKA4azc2+yhSdbo1ucA3Nw1U4LiECc6t9gXmczE=","0Q+uKMsRPe1AulZMEtfnYSsmOw6M9iLEJmbjccgac+Y=","PDJMe2CeZC/GUwA3sJQem5nshhBPGN+sT+bp8lwDjFo=","zPeqLBbY8MW45Sl7LJmh32dd1pPvBGJjfDPP7kLB074=","CY9ag8vfL2S7LMNCBn05bsmF8t8yYwCbgH0wZiM/PeM=","G3bbr4qoxEzLd1BYGSyNTdE3rf74AD/c+HB4SjdnXik=","GQkEuQrNZiJHxWVXCO+cFUmuwAHvtsxeW/c9bd24/CA=","2OS/c6QfDoYUyrCqq507CCImR9V6ERkpI6bBDhI+tVQ=","WKz+P/oTji+pwulxdMI399Dpk6KxVwkXP3I1TpPOVaQ=","P70aH7SxjND8tpl1LjGsaoZxVSdZjBMeMfYdmDyEn3s=","YGfqraosY3w9iyB9LoOV3igbkW6ZjcyoIvBXnHevCUs=","NoU1/8RYGXyIWHVadOvgJXAqZf6rXq+Hy237DugyJHw=","X0gRMlsdqYrrNe0um+Y6gxxUtQiBS8Td7FY8/TLy/9s=","6Zhr/cQ4IJqLNbtqBamSJedDs4Mb+jLhbHmVA8TVhws=","fIoCSrFNEYdIkkV75OzdzwOAw+6GSsvEITBqSQFsgI4=","yBt0p1Oz3E1V6FilwkkaYByhiZt/bYkTkEiyVbUHehw=","nf3KldW+5J/QgvIlGlZJs9e6fTzLQuMRJWrH/r3QPLg=","6ZPqc7e0JTT40VZhGTIvu9+aGQTNZ7OEpHmlm9Oo+FU=","/eK+98PiIKadp5uHmD7mUNRdW1N/P+JuhPR9GkejjAA=","2+8PpPT83JE20JJ0grhhZ65SWprBIuJABbVMOiBz2R4=","wPnvdHIgBmiyJhUEfoFiDF/2XdTzu+1YfAUB6bFy7Zw=","N2Z4oqUGzQzd3FRyUVUxxFyiGvMfKYQIfGXcTXoY9c8=","TQFqGI+oqXF/gifKx3AFnCNZ0WS/1WCvrSDbsQrMdIw=","P5lNF1aIYVXNV2BNF4yqGpI/L1DI3paK6PS0T7lLT/Q=","YfKdONrJsYnPC4Ae/4viQzaN4UshdVpokdNpyDbp5eI=","3noYQB1WzwHvERpxtqf9uLSryGZwLtmnUHIQdGeNigc=","F2gqDbNM4CJsQSHpgtOZ+FPLQN4JBWlmKab/KpzKgDQ=","nWisrd2Q/90CREF8h838qk44SDgXmznP+XXGhYRmmRs=","yKhD6whXRLsV33Lb5At1L4xewA6JkFqgmw3GoytMnX8=","CJFz08syPcfYafWKm7pfnO4IPtsASKNT4YQSR9sgP6Q=","sl+mzgAQaMOvQ1ursqJG/WNrvaH5C/Zm3GMYhvowWKI=","1GnKLoVoC1vHc5SUHBaozJjQFYvee4d7yzJnypMwkIA=","6PoD8ejsDyQdnF102igNF7WpIx2zyAokS7J2ikZ6kfY=","BDIxc5u2Ygs/h8SZZmzENdpLbO5dSuWJ/p+8BFPt9SY=","EvT+o9knxNePr2R8+GvbsABl6o616C52rWUwBue8L74=","XGpdVHDJxkjnWUtAlM/8ONKp1K2rcOci1DjjTMc/KAE=","IjvfgLPwaIYia7AkWBhAG1a4NJW571Z3ZXkK8W601qk=","B/BJhwwnZXu9cw3eN0bOLDcpz6P+d8kXgeb/ve+jFmI=","tYB4NhsB38KFj/yUd4GxuTCUZ7LBDG0oTfkn9sM+9eI=","Df5moCz6CTfKuCrk1GuhFO1F8y9otjCX5JcYclIZGOE=","JFlZG5Jol2gh3vSsllG3/E21rFY4nVHOXkVC0k6t9gQ=","hfa0C8Ezj0HQiK9/JF1acOHGsnanuLWQqQMOm/pjAEU=","k0RpeLzFMKH9OQmeTJNCBuXz/bOU97L3mffhutF/zwU=","SSvJeyH3Z6a996R2qLBlM7MiIpnYO35cMXE9okmMt28=","liqsz9j2r5YIxbzoeKPyVxVw9IX7esWkrZmgCsWoEtg=","mesVfAIPCXAnNky8Swkrl6w9sr+EM42ijMS5D91SRLY=","aqTQn/sxvMkLm4FU2Ff1PAa3WLXJa1onY70Ek4qZ2zk=","KUEFLJIu77nLJEdogmZf7yf7ItvJ8w7Gid2pTl9Qwv8=","gvM7tRkKPXjcX3ZmyKbAmTBNebjbu1W00fAczDnWr50=","tvqWo8+v8AEGVOVmZg+G0faaMM5AvXPl6OkK/L1JAZ8=","uzWBVQHMhGZUsDxf1pFI/V7zJa93NfAHeOt8OLkW1Hs=","+IOBnhOJS+G7DS5zYukLC4j5lc3SBJee+I3LH9vXLqE=","Kp4b3K2s2lp7DYpRmOoCS40rJ5ILvZ6tD+YwdbFDABw=","warVI4bnf57o3yRfa52PECPmdYyFutYKUPE40nGk4SM=","FJUSIAI5l4L2PBUC4aPazaDwXnQuSq9dx+IXxkCRIvU=","69klEQLq6GZqEOQVxQITuOZI0M5gSQMevgEA9j3WsUE=","/MllFd4Nq1yjssrCH4jkkS7e+W7xOn+jymoyRH22WdQ=","LvXcZwEL2M0JDMGbGpBPQXUVXZP3gSdoU3IeEf6GVuw=","Pe71tSlYmAubq3J6dj4+cUITzw5C7xbkhqg2VU2smvE=","pB5UUgsGcFnirDhtffVQ6Lzc8H/12Ic17zmaM9tzwtE=","7w6Vz9gH3l4QaPX3pAVtodTXgga/RN896mBleVYmPcc=","ZvWD/z8rvnVx8DZgrEpOYGNtaiU/WGR6HcHCnCULvy0=","s/6k1+SssOJSeN1V/nGzSFlw6big8x/+pVISKbOFMfA=","Kzva8Cm+xjQKU4vhAbQL9NIXcebvrUlJG2ufS/pyGis=","3oVV+bGumz4b2zsL+yvTleUvhVcD9G/JVgaMLpS/WMc=","KNit7azK50VKBEGTycIbfRnwXbRg3W7xV7KzXGBZows=","lINIqKpO6HDAvlsAlQtTgfmhFiDt8/0uesMqrgVY7wE=","kDVQqvKh18M8igAen5qDo3nf1Iov72nNTlMAQ68hbdU=","MD4vOnLcZhe4Xmoz1CVZQIWYP09fuz20U6S3bmDp8EA=","xWW/5RjssUSV7o7H9sBOMdGz1uvap+3KL9PIhiNdZRE=","5ubezwfyWzITA1pZ5t4bX0R0kt0SeKv3drfMypqvzxU=","3z+2XSSHT5wlxCxpX9XWX5/qPeNpZGKiHNM9WryCM/k=","YVTnGgi1UZzhnuOak33v9hDgS0CIBQRijSKhfZXPPoU=","yf1jqai/VPrXNpNHjNcPMjZESuOr4tscYp10LQFlDk4=","JLhSw0lL4tH40cojQxDe+r3/3va5hmZoDIiujFX/Mzc=","GK6F2+QlOGB5duPhs00xEG+34O7gS4/ryeu7BQGd0zo=","+KyNOqL+u4MFTYTyO0i0PimBdWZ6x/BnvU79nYxeoTU=","AO2e+8NKoFnnwN1JdkXirK83HjqbbPTUPEx0PnA646w=","3mWe2FAcWFXnpoRSf3h7ouhQNR64x8ZO1imFvwchLcc=","mBpgDA0bxYNfL54c53HSWdMbKgnoq9XCBoO23Y5tWNk=","tInfKtUETU0wVSvge8d66JKNtD5gJSs3J3s6CHzAPBA=","pkE3q1V2xcUgM4yQATN2l1Q6krE1MmJkgVk/iM5sexo=","a5VYBMTqpIiSV9hZ3/l64RqmY44wfX8dYMw9YcVRekQ=","JqTi8V3kys5iKheZOv1w6v1i1iJuGjlTllKuHUHHvjc=","MuIelu4lcYmr2yprA0f/j9aArnzHw9hejwnCmJVuZFo=","YSOCVVx75LubsBpXqcwSIefb+xRXzBjaf659ieMrluk=","EzaC4GefO8oXXJfYyPHoIkHW11Ba95AXd1+iC+rTsIQ=","I76piNVPQ7oOwbb3nJP0LKQfNIaFxri0+fk0C+nblEs=","e2TlHoP8AfS0YAi23l1oIeAD8PmAW0fSaLQCfpmSDZc=","IOj7HybhfpgAM3Rt1SIFWfol+L99i6Zuw4oPEvviAAk=","6V+vIl2N6h8jqFwFrybd12eOBrpG4WN5y8N/jChyC7w=","2JF546lGFNSVzm7yeS5L9aqq7z5TPOiF2iXtF73KBu8=","fRc1+ZWxGD38BHRzTkGtP60aeLWSWpyzKwtn5vH55qk=","IRSQXyPKTipCZnFb/7ZFEcT1B8kuW0YzLmPytKVVWj0=","QI3LdkxplkN5cdtwcvt5isw+gePAoMn89eepwbgv12k=","rTNIXKVaZPCQR/vG5wuDjjhGorLIVYgg113S6e086CE=","tGAk/FwObX/RUoIvwcGvL456HERXAqMGYi6BvLdTheI=","yApAcSu3S/XMQ1l4zEwlUBVMWRjLX2wWPNWPBfg5Mdg=","9HFoJKT3LIYpy6GFoMvrY6CMovquhpHxsR+SVcdfRB0=","zb70IItmxuTk3jijkLCjvYHny2E1/3UGweJ7iilEdb8=","sEJymXPPJ8t6wfBGfmZYSybVLTnWXJ6Q5Vw4La4G840=","PQlxRyY3hY1MbCaX7L4lq6I/5/EJoXp8FTE8DK0MmEc=","7mm1RoTfKL5qpIHE6g9xJbVUGYO3FrjQwPP7Q799ejY=","bgoqIWWV2cRYI4+F2mbG4+GNHMGD9dehMyf0W2GCL1Y=","B8nqsHnAtp2r5uyiiLxwkE3/3+d5gwsaPWLnf9kRXBA=","3UQ3lvuE5QFiyTGDBMxNbk/d3wvNz2YKCO/TF54/wio=","krV3GrKA0sD0id41afvhjMH24wu7GfcXOF5WVuLPu2Y=","OkqV0VzNmFEPyUf4iCp14bA7iyKAhb1dxXKQlqymtJk=","0W0tZPX+SVa3giDflwGMU7wcXq6hjRGLz2yk7li8OoM=","q+yChHAsFyaam54zEp4IGCuY6vb7+mM6PKacTZZY4fk=","565ETiK+EyNOD96YMMJAEachM5E/8YQUJ7+q+oACxIc=","MDJUk7S39tqSivBqqJWd1M6HFBCH7qUm98jN0cUMGBA=","58xfgHd6AalTx6PD2uXzWfPN22QmDZjJ7R9ytHctIR0=","WKXtZgzw0LWEDhczpSce8wkcj06D3bLUEWH1/kv0cjc=","YQNhvHaQk8W6YCHfREd0kG726QLTMJaIEdBvswc2jDs=","C/bSIiNthjvPnL44FCpcGq2AoD4B8fyyWvZqXWxU0Ww=","QZ6QQM0HJRHYyB4iy3nPyeurL7v6t/gKKMc4wJGnY6Q=","VZBBSttns7jyrMbUVgxYnhfu/iYMdT//dWqwaBUqvrE=","nWtIlsi8/LXtF0kkOoPM4fn99xEsGYrFXALpKqhbOTA=","7L+ONnG/UWF6L0BPWBVJU+svV5slwIv9k+4DYpDaagE=","tE3fcTdm2Rnl5vo7ilKXINtIRlugvxlhjaFPO+30ddY=","Zpvbul2Unj5BL9GaMnqEdGHXQDGtqiFh2PywibVunsw=","VWf93K5aRwh3BU7MKDYT3gP6YXpOrA/BeLhVeN1O5+w=","pGNE1MVlnwQnVObzY/TtLLgad8J/TraQZuVYs4fdyNk=","GIuLAN42Fr5FCnzSnGsRke3fpQJi38oTbCLTJpOUcf8=","QReN6g68Ibjc2ocTMNEc1W8IfGZaXxc0sVxp0hijlts=","i3Vi2DePUEqeASptK9+d5xpaqEJ/c1Qy5j4RfcEA8zA=","hQAgeL/AMWd/AYkj7p1QM7eTxZ6xzo9887lSHmjHoVQ=","+zdVLI+JPWyo5j3ZvuinVRQMyptDkx2y4TZffruz8fc=","YVujYkJvM61zuWQfLjr6q+/mA/0o8eyeDjXzVYAn2rE=","oJiddEcDTNXdOaxo24Lqd2wPrxVnqRwJkTxbdzyLuUs=","9G7VQgYQ04pHCoE2ufd+0SsQsRnWPZ+uzOZ8N9vc96Q=","O0Tyajc/z9dV2FkQQmybitfc0PvRUD3JWXIspPVvKHM=","LYwYALzSg6zpV+yfJSZL7lxAyNrd6jbKb1O4hs/H42c=","pZEmUPl+s1CiE6T0lVziFP3yX2EV1SluGb5k0InByxI=","UxX7bLaUDjb6DSRjM94CEGeU+KDM84DjieIC5YL66PI=","Y2H/c4ZJ6q6wJ97jNYbsmwbu0NYa8ttdfwGjoDmOvas=","vruXzOjpjLnaZutrjoQb3XwI4Z5D90x3KmGjP11M8Go=","++XwOs6evozuqXEUpvRUAL/mI7pKS70BOCI4xZpLl28=","RpbOatJTM5yBkjmdWm7XhOVRm1FwfdQS3tFxvn8Vh3E=","reh3hZaPpExMCtyr5kOBaV4O79SjdacGX1MBhiX3qIw=","sZ9rgE6GYjs3m35HbT9ZLn5Ml91oW+Zz23McTYnJfZ0=","XXU7iwRh08WpxnU48sgGEq6DwNGvEYq7cOHSzRPGnlg=","cnHdwedBK7iN0qm/N/TdI+a0dSDcJ2yjEnKmPcE0Aw4=","7/1GICC6u3Gsv049D/PKB39ZnaMUR7hvJm7CfQBTMf8=","Unu6OCz0cKJGOu4DJo9h3UAvy9f+5Ivi3N8DRP7k6vY=","dSYXDdGRDP1i2WFiaPWszh6Noyj3qOXt3Y3F9gG+bmc=","vg6yAZx8GVFhxIWr0NDlhHHQToLTfiMbcoFkM7Jqko0=","3ge3aQtcTMVjo0ErBglRnNCkhAs+dcRY884+i0eDRu8=","bwXNyPSX3iqiPtgcQCeaDCto8Dns/bVqm8Yd8pOWmAE=","d6haSUN333Np45fvRMtPOq+IMGa4IgXIklaeYzOvHkw=","I7D5Dxpy2uq+PSrJ4BxG2NcMzO4oigK9vO8jMVdIQ2M=","xkhnWxjftPQXs/U+AuhBmBHgbzs+vlujFfrtjy3+0Hs=","FpNuzuCOpg/7g5hP4b4PGQV1uwD2OkBwoYiHRSBOKpc=","HFs/wygDVkp7iH5s6e5a5DOysjF+t09LCFMWQQUKc8c=","id2L9OZmVF5rsCVYPOtlTPeue4aqYB1B9jtVAwhkRns=","nnDTaIshOVxj1Az3PsgEXbCsL8eCBCtWjbUnM2g+UVY=","l0kl+4Gg1boClovz2kur2DTRAX2YtDVRGXPqjjd4sBU=","C2lXINllkg9LiAiFr7Cr73sQjWeWlAZU66eKhzppx3M=","FBG2EzhF1i5IuVz4QfoMWSu+9KsKLNcvN2OPQh1wmJg=","+/pIq7kPwnRGE56fmGQAygaONQsl9pzJPj1X60AuaHY=","M2l6F/iZVms9C77yIn4om0HDT26jCjNhP5kWBoyUOmI=","l2xTQTE6F6+LawsF+SZr5cHDkDB1aR7sI8N43l4M558=","RKflNwWtDpMr+75hjCBCokjcKG2yl899EoGZxOcOtLQ=","KSOS9pzU+XNvcDLEBLkPV7a8k3+YeSNc5PlXJrlLeGs=","NKI36PpCI3Or+Joiy/eIpnK+Zq/U1ugkTAaG045+ZxU=","6mEFYp2sTfNebpioeUfha/9AEX8xB5l0apFtl+zR9Bw=","ArVdTOsgHGC4gBb6+zIBDfZwmaxFgAA4I5JjpxJVzXg=","ApwRhTbFaDOhTbFYnBPd5S04LkXNfD6jAwF1psqxOyY=","l/OIvzxqF7plQOyMsb6qcLrErXptEPCgUdpGO6+nlZM=","/nuVXfp9+oKpg0QzmkfxUYg8N9RAjlPIySOipSdnT3w=","gS3FeLbOAEgy3YtSh10HHoOI0mwqP9FT2UtzXGb+EPA=","TP50mJ74uzydtM8eipvlb+euBQInW88kTx7qFzo2518=","E6ubJ29pkMTQUSMvYgk36J4dt3Z9O+8FONTWdJ2ELfk=","b65ynqDRvHm2jdxLKuWlGMw8h6p49e70WwKp0N7FfGI=","oJg/x0bokmmpy5Tt62JuZpBoYrCb2pnr9uHjhGVrC1g=","psVmxBpsOvsMdmG1hZtxAFA1StwkmS6uOHOriajc6lQ=","a4NzZBZOsKZd3DgJIG7wP3pauusgmQafbeO6mK9mXhM=","H+843a8TbnFYAjZfD3FNczaJUnrsmrHjMhd+uSEvfLE=","pBp7We/5l3lR8m/Bz5lNAQLUrZxVob87tK41Xy0EceA=","+q9fluE9hITNO8U2OBvykbdtlquMLciYQDcxCgDmFcg=","i5NmWwSSyHUKau2ZCg4DF2zXzsQywbV9Yr/DO2SQYCg=","nKhBdask/aU2RLNZ0drowDmKe0o974uyzbBm9DWi5EY=","q0izrNzfiKltYG28v2oI+ZIEcLXKFsN0+T+H4pZU6hM=","h1XgiOtKzxD8je8EeDPZOXDtJAqfv7yIV3UaD+zIQ1I=","mnF2Dbz5Fwg/S+9Gopb8ot8ikx2GNntEPMX3orgsct8=","ABO7HE56KwdicKq53twn3E0X9q0U0g5eVyWZ04HEsY0=","v7NOpJPPOXGewubZbdjpn6MKKoz1MO+OYY+Y/j+DJeo=","kZ/FvY53fP2LoEx0flPlgFpdmu3rxGof+uauOTAIKHs=","JmleulJnASSr5N4xE8mwdXGmrDAQQ0LKxJJDqSJgarU=","j59lOjp6kJxEQ3H66zNK0wza3T+QPsO/VvYWlClmXFI=","HxBuQhxYMhF8y+EyjZhwq+FRjeZ8u0FTe3/MXmPZR0A=","Kq5MI5Q/sfLAuqegflFYcig5S1icCNyYJ2p2FdWlSIY=","tuvGbzxjn2g3Ydlk9TLJLlKw8tkaOqUYNWIEGp0jrRQ=","jJwOYqAqqREpFqp7gA+Rm+w0wa9mGFE1xscmbxYhVcY=","0FSgrNatRjcnQuqgmcqLnkF9IQAXGsYm68K/VpRMu/E=","xMgmSf10PA3boqnDACaHnSUchpDSKPsKgU9XB6H3L+Q=","cZJYmUYwLhm0IqUuAuvLIoT7ZcbnLTUDemx+apU5lbg=","DYMIF1aYb/FgWxVOP1q1fJnGObSm3T083K2TySWFmjs=","i1eH9bVUxOBVVUfYCKLxEI3VL1EsKzgGTLo2h9iC0MI=","DexXd85+ltySBs14oZAH+odkJBp/jOai8N4H4WfNb30=","lkG+VTN0GzcwmV1yypSRH1goV+8u4RNtz5cSfE8k2do=","l68dqavGNKP9AEG1u7UCYRTto3lF5CxTxCtRK72M5ZY=","6MWbyj+3SEfQ8w1iO6TlrRSU5G44yZ2HifwGUhk/7sI=","VukBtyGG37disWK+VyZIfuyyY9ilw9lPSgRl0+d9KFQ=","DtbDbZnyWhUqV/we++O2pVQ34JSlHz191yvex5h6n0c=","WJ4C2paZGeHfVSUfT2V1QqA+fjK9zy+Lb3fbtx4Wsas=","gnYqU+eWuCs4PW0pDUNXjQZipK7FnH1K4UdNZ34Maw8=","IpNebWqjlBzCYQFekmBFWGyCmrAPOIPYXZxwQAZEXA8=","MLqvgfcmzMx9AIc+8Qbshlj1PY8Uni2xbbiGpHQExB4=","Gf2eaZPN/0fxOb/Tq76TWqFKy+y40rhGFrhWKo9Zu2w=","/5w92iNTgAhGVbx3Zz2s4nj+dToTDlnpUSoi4e7BYo4=","OQ8uAXLTtc4jL3VmWKftnkoQm6cvTtW9/0pDZUHWZ8w=","qjltNYro2gpE8hC77OTGnCCBsPdD686dZaIqkGHi2Yg=","esI/8XO3fK12biRK+I45HggeMm2vFxq0TPLhdCBgw6w=","Yv4E848wabMdopepz/az0BfQrjjwpdyfZ0yHpyv7U00=","0A9mMLuWUlmEzo6d0Zeg/xww+X3ntFsF7b2vfP00/ss=","fvKZbC3I4Nl3d6/KzQC/3jbqI0zYOlfn2XB/28ULacg=","5kDPxGMPlB+qzgLQJZvHQIAThEHs5f+33RbfIx1Dtbw=","/X/1MfBY+IUx/QqprlckfY7rnv0EI+Y2MyWrok8E7UE=","FLIbOkLCegDV4+PCLYOPmIbSCZBaako/OCJ6i73NSrg=","0GG4EzCHIiYGsZzP42mo4wxZWPcAHaVpJFQ2ue/2H+g=","aXkPxMrdbBJbqkUtSC3ZWmiHG4Dy4ghqGWcjtGNXI0Y=","CC60mL2utqIrgdKSojwHF+1MONAb1X0JM+OVbf+g2uo=","jwfC4DUWtKjh+NO14GxXpJLdS/fQj6P/um9+idMFTwY=","b17KdQ4ikw4fXCLZ4Pb756mbuxUSajBi3klHC44WDN4=","QGlxejlRf2netqZlFXyaqvF3wlErVTw/oZI8EAitGeg=","fOnogjSUVg6hyGyZSFaqzlDXjh8QigJrDVuJaFh5GUk=","7jEjEfE5leOws4hUHwQXzVQ3dlqr3q10Rm16hRMmktU=","tMZDUc1RensNTCaaJzv08g0o0XrO+pKLFkCojZkT8Ck=","EOCjtVhYEBl/Tc6vY6NMe/3X0Ds+ZF7dD4yDDHILmio=","EIlfgbeTITHZkKi0PL8DpwiRrCELaEegMbypQDUjd9s=","3CTvfIGvIcANLgFx9lbI1LzkSY9MpboqMYHdVbZ8MPc=","wOeCS5XQWM4TatfDK4Phm87DNwrIQFRu2C+VcmOz0c0=","pTSVnzM3+YIjg2iWOXaohobjhM35JWhf1ZL/+uBINyg=","FMMQuumaE3OGZplQAKtbw7wYP3HGCjewLeJy/m9Oyhk=","y8vlyJ7jfbGqkvFJs8YrnbxmUGteYJ4qXwQBn+HPBFg=","/PbjFhJ1RquYQ/Lmo6574qyvqBn87PoMbovYQ/WCUK8=","3crqUkCNks10qQAwmzfILFzRblka7O+Xn5rlYGMxgqg=","a3yH8jFk9Mmxm+B66t0eXMPaD+TnnMpaDFghvAcFn2k=","uc0xsoKQUlmOVrD/u5pO9xoNfDvIEUnPS9yAg/F5H7Y=","/TQWjawitJQFhBuimQzdfvhyW3fF+tdXpF5YM2a9hZQ=","yBOsVV+Y0JddpJbJSiJC7SZnPvrsIfq/RuEE+mX23Pk=","k7ZitwMwu1yxwM7R63mNTr0tB6El8v2HE3g4U43qu9g=","0RxEahmgHcu3YAUl+obe1m/JXom6MNRB2C7kE+orM/k=","l0XxkOeJxfhbdyNarAOEPkRmBV8D+2weHrLDQ5m4U+Y=","9uwAHmp0ExiP0tN6BydWgnq/cGY8WaE9+aBesVoZIOA=","1X8X9m2xfadMq8Qg9IOKra9ouErIBI2qO9eOzuWZQ9Y=","gVO+mGAZxn1Y9vjrh+XnGV2XwMv2Oh3q4pX9V1RAtpg=","+5MtDLd3JqmHqpFN0uRGlN1Fdj9JOhAqtAhD1mFOwGU=","2zFSdqtSbdgX3lW3ifDJ0HMSTUUjkVwASOevOFX62mI=","c4rLJrU2JVmrGMdhs+GkVxmcYTjCydgVV5qLRaCAn3A=","0LlgolZaPj5gKqSfoiGxxsUlw8fYr6mrPn5boJi24vs=","LO5xWxGAWO9tKR8HUtU6Rwzc0HjCZD3+s6fuzBxKKoA=","Y1oOXiegdHahOxZYzKT2ykqynAxakVeFjsj8+pLkASo=","fbF62kuhPBHK86rDnrBou34IjQ+fRSWwL1ak5zAQXrw=","od09MPuka2zutFoCH9byF2w7+axHWdkDB5bqvIOhhEs=","pxKzEuA7xaGplPExucPOtVKleqCQkpp7fxtsGQ7urCs=","4s4QuJBd5roNh+E3pUf1oe2cb+7BGiMJgzYOpnofkMw=","LyD8V400A2GiTEhPtBbVZAoyhmD68UiXel8yW2xzl3g=","7inhYkkm3pRCgM5JjTppQqJcQNLgEO1XAB0a4YHGosc=","e3ihFvucrWazg72azGO5VQ07fVy3IjfCMJGnou4m3JM=","qoVEsUi+OqfetFioEtPOPEEtABZUk30nvVhzUbDj//Y=","O1O68w7aKssISeNOX2q9GqTH6UlQRU5Wcuhb8yKfoMQ=","LJqSgtLZ6oxy1J+FrErblHKvZ7p9+mN4JZDnmD5Nirw=","NXBXprSO2hdOH/v0/DwRfSTuS32FgPjmawe0Tf7R3kQ=","Gann32CN/QRWvFIBxZhumFn4HtDrOEKUvo0C2TXY+XU=","e5BUwFnfCfQV/QWSq3JyGpEu9aAPT+87jCdyD8hh4e0=","SMZQ6TfLdYm1pN6+kHm0h1AgOlbmIQxJ6aaycddV2b4=","FxSTJtr+6XdaJSRhIiAl2PvtFmrxgn9wSjnCgO+Trls=","sMtGWF1dT9GhPJZQgg8VNT8DxalaHe8nRCogerLe8eU=","tteujPCSELdkkwZUCc1ZgCtifR2u398K7jpf4vUJ1+c=","VL+8W7tHRVPT+RRws1mqNtxyU36X0iCIK7bXoLeXZ0o=","kJt2vO4SIN1v44g5n1xm7ZAUCIUMUMKxMgjx0rbAmyQ=","23ZI8JKi41F3W32tjCcFgjTs2i7y43ni2+hABsrlrPQ=","ikLglCT6SAMKRiW984FZqp4UNn/sVOnc9DsQNAgvNUA=","ll57AcryT5rj5pspsdMG9gW1CCgL48hJiajCiG6ymlc=","7gGgmO8Ksnz2jkPpk4L4jU1IpoZ/zCxjEbTxgxnrEIU=","1hJyCh/P91Cdywy5EBKY2eBU3qRKRGF08I6vJYzG11c=","yMke+G3YEj07xd08u+yaGknnmYXNrFhv8j1m2yQt00I=","w5yLuEgsjaaUkbEEIwdIU/x91w4DdnaTVv17cM0iAjY=","GQgekcrhty+4LBH+jO6bWghyOkC311hhiA+hoELBom4=","gxB/Jd0mB51S2ItRpoZ5Z+z1Jkn9MrpOWn6HkYP/kVk=","1y6kTkpMQyDwR/C5hvxGAu2YO0AJRoOt7E+L9x7vGPA=","auef7KytJC9uE7s3r3EMxN+VQ6gYBvHOIODErvsNG4g=","dWvCVHLVzVYQcnaWKhejXv7FBVCA4Vf/EZuTTcMIzho=","XLRBxsBlrMqXJkwzp2IwFFsXqPEqGrwEe+juo+pP+2I=","o8gf1yTKmATjgHe8Ls+dT/S89n+nN/5aKdOyZtcwkhU=","s9OxTA2Lj+13YHM7ACAzohtzQNupHLSxQOTf8mCM2TA=","OA1LtmdIPfSdxlptaftXbNY245GfO8LLvg9Kkut7jS0=","hqjMWit2sXjnQcz+ructcKIPF2eKj3cU3J2gIZyQES4=","QV+7NcQHkmtVbUvryikyJvQXRy75g8AVprlm22fQl4o=","bS8zOrHgvXSdelryZiptxOtklbqpz2dU+1VIhUaGyK8=","Z4bTx/bN45zoff/YwBlWudiel+sf0ekCfE3n0i2In+E=","sAr7xw3F+yfproCdQQk5dLsDn3JSh1RKStyoV2riEl0=","yGFcfQ4fFhHHC7TsKRMUYqk+9AsMeQvYrsc/4JHCl/w=","+erocACmqqExH1nor516+RPK8aAWxQ5p4VJ4H9yZd0s=","Z7tzzW9yRwOoCmqh5MWVGFZWeOQjiz8F2LBaycKVGGQ=","x2XM3sb0P6vfNah4jZhanRKoq/F9ri9IJs+MW1fG23c=","7TnKv0B/Y+0ZVA9uqm+ex2YSbMkVZD1Wio+9rrApGMA=","+1teTotcMbXYU5SvGJmalIRsIGMR02hk5BpNshla89Q=","tsAFZEk2AxUBtBaVb+SAA3/kzkU4f8JfnnUAvRH3FMY=","N4amPMH8ulckXH/YZaNojLGIRL0e3Dx17OQbJAyMYTc=","dyorKIFHCAZ41qGLPOUfe84Wl2/zEqiiOm34XwGLA+I=","1MB7fsKci0uABKDRW/grluKrxDISKZcU4RaIoDRvrtY=","s9XFagw2t+dK8VzK1QBJNlw1M88rKzr8gfamDfKCnzU=","ltkJ8RimJt/L15NGLDfCWhQzI2AHEByJeW/SXnXzX7s=","yq+Vb4IgR6+8fjAR3B1sGBW0TxnguJjHvgLJBHxMF/o=","9qJ5y35Gqe/jENLlaUtEnBZ0kJ2QQ0lfsVGSyQiOzu4=","y5EHe/E6ocqCgj25K2odJY+D3U+K4ri3Um1OP4BEKVQ=","q9YkkQ1o2hqv2GMj5MTrXMNqhchomTSZf0iWaS2K8qI=","xjhuPRhMneAwn6SW32R7jV3cVXMIGCoVnSFOeBiEh6I=","CW0QhgDvVrYEHjbBak/ncD1v4CJi9fb3j/YQOSn703o=","LQv0wGrYjN66IVhjDISz7j4gSxMtCJ0J7TOdc8ZcDUw=","1N9IJiTNidctOv6DTv0XdPZzv6z6AkxwfW5fNeTtzyI=","iyUUhr2BjJGr91e9c6huOv0Aj0xEonbLEiqruXLeFC4=","sd9/fC++oUDMF+NbhaAc22GDzCm4K30SZUloX2EJ51c=","t5AOv6d3J3VsY29PJar3jjoDhTYrG6lvufUrTxqSYfo=","TMqoSCI24+y9i0NWSsQlzcAU7N/eb9Oig61HJAtD3yU=","4YxqjW9YgrbIqfJZmbTiiwwKzcJeQku1Wa/+bO28TGE=","4dJE+Tl9e9vYNGBisNwGXV+CyZwMTOQHIqzE9KgoBBQ=","RoQKDZaYxhVaNOFjiW1hT5yW2v1eMjUkf1n3OxYcI/A=","yloa2r/ib6rqLOckR6cMYSv1DInhushzzok+5THXrmg=","ytLuu7JqkFV73ZXFGFC0eu9jnzEY48GbDdxSbhLX2mk=","7PreSMEpiXw0moCu7+X9JytHt7Ir+WFQFjlnXGWi7yk=","t1eezFNNpVZuiJssKk/bJ3eEJu9BqlXzAL8r2HM7H7w=","neMN/1Q+IfeDRjvaykRJ4ZU50J+uUWH2IuqmLaBMxpk=","/f/bXiY/HWTtUXJdGbvyTo2Cv+z/zyq6O3IYIy9Xpsw=","P2Leox+19QHL+kGZ9kajLXf3LN6uFTUq8dokF+Vb4z0=","l7xnuJJqgjC8w0CYH/CpP3A91YIxii1EoGHqwDGg1h0=","iTPApK0p8styGVrwGqi0HRu8IQtGItS5MqtrZmUaLxI=","MGy8HI8ODPNEp2y1UQAFrtKjGmrvPLnYXsmjbs1HKtY=","0MIU33f2yi69B8IPxe8w8ftLLRXz6ms+X4qPWyoOhTE=","lDuMgcUfZae8HyLvQ32eOndM2K2WuWMw5xp7X4VRAHI=","vVIqgM3+Rep396ie3Rg7nODTE1X5HSTy95Yk/yNDGUo=","iFiLNXm9lnnTNDgs3iMSbPkDurijx6EDky4tmF2G9fc=","NTobnj4DlOZSgnnoBfnk/2gN7t0xI++pv7HCyB/BX1o=","xBWLffuTt7ovUMyTRIncZPFnL/Yc2iAAMZdd9R6KHv8=","7UGvKs7AFrpLa4a+eBtUnczElUHaru0J3uII2jmh9mY=","wK/MQxcOx233AcBSgvDFVEM0DrZUIw2vWpBSVZlwpQs=","M6o2F41Iz+RGkdIuDvpAhrmKV1Xg8cJAqyolex1GiWM=","VoT88W2fqFpmQXt7uV9fKdTuOw8VP02w/ErwAAZHNbU=","NOoUfjUPjAtWPZE4rXoMCEdBojPbHRF81T9zdOa4Mv0=","6F4fp0lNvJZ5UD/sqafYD1fYFPACSoKv/P0f0t/0ggk=","BIRxgbND/PjiOIDzDelyfVO2WRE9nAPAKXDOFojO8b8=","GL+Y370CydrPAP4KObZPbanOtd+Js+a6LzvGkiI8zQM=","nPkpgLAtD9SbYafq41OlLo2CYcXxKxmSyLyb4ycNSWY=","tE6Q1QItgTQWKlOBwSIkEMySQlhtewQW3FFjXqcR4AU=","88Gp6ZBoGF66qYs8ZHSmUMVsapBziXyRG4TugBF9uL4=","KTdsDYUvQRtWUuKs3mm8wedRl+gLohde0gazOcxkQ0I=","7GvGzrUSc6C1sGNnsNakPx3L6G3SeeRz0CHawjH1PO8=","kH2IMQ8BVZLJL8zA668e1Yrz3BQ2KAJ33I5YHwle2yg=","vAoiUWmEf90RLi5iSyH80myKbpNTRUGNo5CpN85qliU=","GTDqmvxT4nAmzRhmxGDRDzdfVCR+OdPOgsHYhmLZtfA=","TOzsjEZ3+MZ1ONcpsNtFYrw7qrwddHv+9Ax4fvFACvk=","EsDSbtnwqkZ0wuBRvRDmeAJM57+vQM4woFBNx1uZaKs=","7e02C3gI8JPJcOlZ7vtNIaPDqXiVXqiuRLFE3ebJcdE=","0DYnMR/z+BIzaUru3VmBnjtU1wIaCKMMQntGDhFKRjA=","+b06USzDlGmhooPw3GSCPciwRdiIS/cyq30AL5uujhA=","lAWai7rQRu1jHect49UkyQewTRLoyDSRLY7qvTI/dsg=","lST/byd1VBXh6bKOjnpg0qMRYETjKV4ss9KieQkihZw=","//x0PKnlrXRkz3wFK4lNgWOd9yPqZc5G3eEuU8bJsLs=","O6qbnFrrsIWMTd9NT0JhDDYcXt3nyil5U/wjTaeDbpc=","6PaBfeNYi5O++qA1waM8Rym98I+QoIrOghh45v7Q7VU=","1LgwUs7ZAVde7vG5Q0DgL29rbyrA+cCNrb9Sf0zV+00=","cWjmOUfaJTtqciDZS2e7PAeWAGZFFwZNi3M7IhoOS24=","t0JRoVxS+Y22qJD6l+/1agXaoFm2BfXq9FfvhH6d7bU=","lnvcgd8Oa1jsrcinJZ+k4BKXjU2EPx+iG5roYum7YfY=","UkAEBUKFf0/GT2JtpHbX/5xrl7W1FPo85Fl81qJ71Us=","ErjsDgRttMjmaY0AZS3sgBjNrseSZiSfalwQYi2dNME=","2BVFfMgyTu5MQQmwD0BF0G4JizIBcLO6EE+fHcXu0NI=","eiN2G0Sl/hb0RZas7LqwjKJ/xDnDlcBuJXXnJNe4rfU=","WNYIaZ5wU9zSUVBTTilLBpGx5qg0ds0Vc+H/V7ZxIzA=","79UajkcJHWTvqUkJrJ5KhByNatkp0IZVRnMkEUE8R8Y=","7GGO4KqtjGPqEcPNyjTaem4cACesRx876Hm3DawAnQE=","pHDBHdsFTVNi8hVJQqbh6d+zTcWSlrHUEOBmQul3Hy8=","+C6o+uoHy+efVo8mDbi0n8zeogAZ9rO5Zsn0j8y1ymY=","COUCgraGmq8icdiVaFotv0u3ctO/XNU1p3SwmmxT+J8=","JJhV9Q0gevK+5jRDuvBQTyNha6y/oblzuHUgwhNhDxc=","HsXr0MNyuusyBNmSW5iKNkkKL73v7AhKsykn59C6mHI=","VZ+i73DQ8FgISNOOgQkJjx9MNjLoCgoUK1S9nYmKf84=","i7QWxYgKpSKslLdD7eayeayG8oXlxWpCyh5As0xok5c=","lDuQgHGB2HoRKYTvcITR36HJhx/tmrdOdlsl1ahJAiU=","KDZcpaMj0jLDy4uw8Peb+AMQnDj0jOmbeQLCrPCXYWQ=","mUTNdTDPN1hw2QQtkhCafD1p1U+VQ7LjpNNynCGy0HM=","0J0GbrMXVa8PLYXp319L20V0FFPqu82PcojLj8xvJ4g=","G5Kol/Qlzyopu0reQXcSfWPK2BuTkcfkknaSy0cm9Jw=","BLa6XwGzZs7S7/eoho5489+VIRlQYTVsxLYdhvtz8Q8=","xaJ51sa9DABfkSO8R5npSL2KjGa/iShxzMqLOKNq0cQ=","Fee645IQpa7wZpjdXdym8MYPG1tojBsruTXnGzizsr8=","WKBVKkMxn1MuwGLR+oPKoUF6eNp7YMWROYcFHEGRR28=","RdJeg/S9sR2n3D+rT/uHnsEtW6qVfrsnTg7Yh5kRldE=","45ICKIi/VHpWr0NALHz9xDC+i+cJRyNeYFIPnvGFgfk=","BodAa+30S0XoOozBdsaNjZOhDDP+fNd8PImZ27Dc8dM=","MnxC59o0KjtwD2fu1Lw6kRLwyh8q5KOXgmqbBd/uCuU=","ADUFn/Bkb3SJVlIwuy9+nkGRv17TJYHYY/KYx/CZqOo=","2piuollCaFwUBRoZgbS4Emz857v4k/JTu7w8SKb9yMY=","Aw5XLz8mFbZ8u4OrL6uQN6h5SdWi2OngOuFf0x7XWrQ=","0NJ7Swe4eKIS1KWHJlH4qCcJnwBhoAijPwHLgxEAGMY=","v3DCcZvj4lF40ANL/AuEwDeqqjC/kB/fecZO+ZUh2DM=","7mMGfxzpKA3FmYxPK7M/FZQxGeFQ2sJ4x1DU5mmybRk=","IYyKHfGmMqumMvJ+pR/SBX+QV8JfiiB2Iuy85EbD1qE=","KZYaBC7BCA2mORH46B/pKWuNURiFaxFtxVddQQrbK4E=","6aeDHfuTnKcX97sdLB8KV8GrM8JDzyuqMdY58fj0+Ls=","5BNcxs9Y1gL6dZzEuQQOWBurtkuVi1lT6lenB2OcNTw=","ma4WNCtsaGa9MifPQ3gI1NatHjHj8X/l4AgiqvRz4As=","pUzGbkBvf3whRjVoc6drDy7vxi8gUpXs4TCfomXSrcU=","cfxLbl8AG4iwR8OEvi3vfTQLLXZMJwm1Hi5ylwT4NZ8=","jlSF/+pIoOx/nTOt79/K8Bcqayt7eU3ha5ZcoOD/rxU=","p/5nATcIsjn4kOmipPP8Fqv1dozq0TW/6sTgnt5/BUI=","KpVKroEhX8LihhEStJvBG8KNUs2m/VeoSwrOKkQzTBc=","Xey5ycPK+HoM4A3Bwx9J/Dau+kRcLtgvixXbVINeDik=","KCCh2RWVW54K7FIs6b4q8q6HEl9LdckrXPccGB0/CX4=","jr9pQFh4uMH5TQE8aOFZipOgVAJiOHhU55rtAFLA1Eg=","kaYyAg97TDzGb0EJrmlPms47t2jNwQdNT/rZQiCsGQo=","/KtiOEcfAusrONC/GD4gO7qVrj7ujQ8ZzS/mmvSpLII=","fqlI8EPqnJBAuKss8oLUHTDNyXy8SLVNiYUAin5uBb0=","USrGNCPKimt57ibAaLnWxGZxDecqubFvWXMNpRUWO78=","432vi/UWkr+t7AnzTmxHlIc+EhDslHTgFQsty0LXF9s=","OwFpm6WuewetnmtWo+2aFiF6To4R+8nDU+QM3MBdf6Y=","zItLcrXUkCboxL8wSkhd3uIAR9X55JujmEHOEePuAf0=","KyZIPUJ2WDyrXLG93MrKez0htyycUnURytzy03iFSeg=","LFF+n5PbUYrCYiEqv9MWRhACPGpW2fHcKweNCbTrTwg=","91zMdh1oQ+UXndv3JOUCLexFiEmtB9t0mhah012v1Ic=","UdtoEB/Wp68wchU9SqMhMva/s8RNoWRwk5wj29gYkkc=","G+ilXMlCcPLT5Gn+NQE3G1B9I+b4MleQu5AecA3baQw=","LxhVXND5lQ6e3g7qyF0tOyiNKADPRz4/41gL5XyJKIU=","C/XvDulR/QOYEGykWPDsUP67SZ23EkqN7aSB5/4/tnY=","VX8IXg0BzLr2JuHtzQiZA1bLbUqzpiekDplRVXuLOW0=","tgOAjiPgM3ZChng0Kwg1fGDqikBfqgKk0MmKjD21pTY=","eJM2GSBcRPIJdGH7KSs7NN42+7PiWhg0SFCRIdjMlI0=","TijLVElaB5oz45+KC338ltd4s92iEgwV+B7qHV+qHl0=","XlbOQRcrPRWyqUBkH7QVp7Bww4pPIyzGJL6qHj0U6qM=","0yjSBIyBssD65axL2DwL3eg8qSOb/+8kTxvt5mLlTdU=","F5ETuXXqTRGpAQiV/wJl1NEboqpZASNlQpgLPjm98v8=","5RdNO+/Rezqc8u+Ds21xtrfF+phAddWeQainiFroRKY=","B6D5HKkBbXsHPiMIRN+HcaaJePZutick29AF0YvcirU=","XLKd7YdfJdcvBKPVk/6nbNynLDG4WXtXtCYlzCYhJic=","7syP8qlCI3hfoW+hjoGSGJnfemsgWaCS+3sQtTf1EPE=","sRIJmoVrlnZGmEYsYbACGyVAA+FJ8/cBxd7X0ySjfdM=","y+kTYCJrtcPwPaPBW5tgx2sKnrBsRHTk5Fs8BYpwFCI=","r7JZzr3H/rODAvkUJmpPaKEb8wNhq/+eCeZgXE2pLl8=","WkPwYJGDpeKDnomB2vG63m8aueNTCvPVAWU8IJ4K+Ng=","mi2M0unMY1UM459icxrp00tfoYbHCEXRsPUg1g2v2Ys=","GZq8eHMEac4EwkSK2x03clswYNIU57WaHbQmK3pzQJg=","Q5f5z4aoTkwilpbBme1Y81GKpZndH1WfjfQhpykdFQE=","Xkak0sY0gJ3SldHgVBlaJzsHZSt/EJFwoE8XKcaXCZE=","wGd8TyOWTO+hYMA8jhiqQWBtQHsiD/55rlmjlIGGN+w=","uSBBYnBna/fRmBKfceyYdkQKP2JCOKhY9w3sYjiCaEM=","wlXaqtqcnqXwlTpTh7xoHbZIMQf5sAQ083Ra1S+TT74=","1+VJpORGqpKqb2J9pzgg+jWFo+gs8hc0nhOzEzZdvZM=","n2UgWfk4tV5ujTEX7HFb8oG1tjND00ZaVCKSxToUbFE=","JZbYLUanLPldw4MUaBufE3nijZ3IegiSsOkHOQimT2s=","FM2ERBcQI++0frjN/vtI0/UMDFEXcLi6joclqi9owLw=","16KSEM4L6PJw2gxRvBj4dTWBEJ9tt+I1MKVnUI7j9NQ=","JRW2HURQfFBpYPAQ995W60ox884FTTaE3Zv2YjdoitU=","z0qHWxiQ85DQXgdp3BrKrhGyrH/PAK2e5ZpVwyVKzIk=","1WldzB7gFNV6j7OTuinzFxGeDDvmF73EuJlg/94YzR8=","Apd8ydnB9vdCWoBo6OMdEehDJKIksQADeuNf1njuzeY=","1UIPxuvEXbsw6YYxz3qtML0rOAL4QlN7iU4zWpTsaNk=","HDJynEK9pq5Bf+Y9A1n1TeuyUPRngvTP8WXs0qskCL4=","/5hrdhMYuS0Hhfte8bTIaMRO0XZTx/rKv4AO0CPRvpw=","Bv6x/+Wr5Plg34JzvH0N3EGONeEKBjSjd8zj1CndWyo=","wayKlacaUzzWrpBoWmVm2GL207gQAQJf3U8GEJSbRUo=","XxYzUS/TZgZZilM59V5VFVuRVkPIuz4y3ZXQFQDqvdY=","afH0YsXy9wBdmvI0Nukate8o+9HUZy9KvI5Gnl4OWls=","WM0BuWR2L8g80wrpvjyCaN+zNO4DGLVy7YPcF/xj+P8=","d7NRHTZqnULs2HlW2k7/pbaL5zky8bhSyEfreSYsa50=","1lN15uwBWOkyD6Z3CCoLw0RBBr5+fdh5W+8XuhKkUNY=","0JZ5Y38yKfKQ0OdyAT/y8tcr84B1EgTmgug+nJZ6BMk=","jssMqeUZ01kc2Njyf/1bwuVIrewyllCq+VTEqdMzb/w=","649FxfQoD/uD1Oyhyg2O4lrBG+Qhr1lu7Mvi8/YBfIg=","ZEeXSVrgWQluEMXfo0mnowZCUpUnY6/fKRcVDXPkAr0=","QSYCJiMg5oz+qE1x3HybeeGXeHdswkBa2KYOleJEHPk=","tr3soXne9YO9pHLRlv2+k+ElBDkR4dV7iOjP3krZ5Lg=","m6bTFwxcH/UC0E3yoYwJ4cnTJu3pCJyUDqXzBTU4xSI=","/sUsmqNtzjragvWWdXO02SXKwWDDCzVCEyeY7SUouaM=","d+IYiGVx4Spf5TP6gS5LrRJWquB3Xo1Y2Q+cOJkuE7E=","phEMwBGz5L8E3XiYu4ysU59XCNoXduK25yT6yUgHfAM=","5Fwso3+z2dsMwvBLy+9o22o+nh31iPzPzkX7iC8nDq8=","LOw1iU9Lw4n3VfBk8V5d92Q+cJV+ZDSwH0fu0vdXb8g=","445oJt9fbBL4HuvU4+VvZXBqZIL2hsOcyTyIE0tDUJM=","XX7HWGZktjE/Kr62ka0iRpX9vrEwWXmrIf2kKv641i4=","TZBMfcn5XnPaEK95ROXDMRg5vwGOaoZRm5bpqpKjAs0=","m2pNajCpxr3oOno2Hz8ULT/akD946dsujv0rdW/MlMk=","pVjdsRXf9T6JY+PoqsoNTER2gDvrgEfILQx/sHHPNVw=","IiWMmJyaXNXhZx9+CiELvPIo6iTOG1FH4PWxDzHOiik=","7qEuXDRIlMbyevX2O/9OF21agDfUSspAJXEmJkqHvcY=","VljJ2NgENbvYQJH3ZGtHNg2L2pAaprDbAkn6i5GJm5c=","uCscEzMs9ehRtaRfa+lOOZCfmZFPIE8V5VGPXEAtieA=","XNrwq7hFUBcDqeAkP/XgfVCt2qR9Oc6P0sgS2oa/mV0=","7EKUWglltM9vkq3+4adL8z7va5JTey/fr6gyXD2ldvw=","vCQp2uaaPr30zTaTPu0lPtQ2HgY+QrIvqJT6ZC+8YYY=","mcaDjC2OsFzN/7gu1wIHKaN994zXaWglrB4akhharNs=","qXJQTFsCLGbJuNXEfV2UjUXndlRgJuEpZKQFXtBnYlQ=","eUyl5atKxhb7fRuuuDI3vUBrP301Zpbk6uRUZjfJ5hU=","Yu30GHyaH0gYnsRnPL9nEPeQoNnP2MmiZRo7iFLkX7U=","2wraH5VsoV9VKlxwW6MXIZUNqntceN5FfxdD7g/vPrU=","2vRN6/o8B0vVA0LuyZyJZUFaflahklxeohQO73Dk88A=","QlWR9qEcabxxdAfC9r0E5VcgtVEMDPkrNDFZWn0/zlM=","AHbcBvx4hdhLgqL1Ihf2MjzyI2+w7UXAsLGS7LC82Jc=","O0OQhi8hX+4FPfPwW18Tsbm/zRGF5ZIgtHKMy7kxalc=","STKbzDKXTLVgD9NWlHJvhWHcFFycdYpFtlNEvECv48E=","hR619zcY34VWiEyCTHZr+NeFBaPLOoQxedDXeRpuQ6M=","Gv290XcLrssZdn4kd7vcIOFBRV/S4hj7yI+e0eM0cE0=","hGVA+gG21sCkyk9PKYSL6G7wf92vhEwqBjgKldzSrBg=","/YgNpktD2bexIAw2X5cwjqO1rWFMV6WKWx/KgJ006Ek=","utLMVMcqxUPpjGydhG8iAUFlUCjuGjLtqNibXpKTV+U=","V3JG2K7Rm2e1vsVwn0E242CSXfPPoLDYFvwPjC5cHb4=","kid2MaW06slnuP1ngeWsjK+sE8AVQJ2cZflZy5VOmZM=","FVw7ves62N1rragqZ/6TIFWzAWIACBT9z3+rSGYmZy8=","a6ddDQliUmHRktr//gG/9rAOYkFFI7ZSW+w7uikFL/E=","vjaalaWRlCMP2ygdgsD8NTTnbxu6Od9BGNj7LycewHM=","DSdov4a5nsUjJYMCL99iOMc1sSC/rAC0gao+dKPJ2r8=","X9bWyIWbPEc+zqZVN8mMLI+BJlg4wca0kDoehq9Hpvo=","7xL/jHSOiRldpW3jFG055k0o/OLzH7ojdopiQOQqWpQ=","PBsOT7P0Zc2aqCsnziUIY/znA51JokFdUzpa63FuoMY=","kTZXCIowLlqWxADBy6AGw8v82eRA10qwsHsH5iBl7gc=","d30PKx0QrpUuSM7gC+f9r6dISVxET4jH5LMDDxigDQI=","wR4rgXMBxyIy1HAMLq6aTqxI3vA8SOO8s4yVm0e+UqA=","+5yu9Pd+tHDD8Hq+yRRekibhXVfJchiUcGULdO5U/og=","YwljC08SGBJOlNTGvr5CUwdmqJq805z21uRF/hFdcjI=","aXKj33PXXs5AHm5HiK8vNwI/H4dyKilDakgwGac63kA=","SPXgDLMtOFcrERx73einU2Ow31OxQg1e/FMK6R89x5Y=","/AlB0gru+rutlRIzCf/d9SivIyrkiogp3y/KubamelM=","IPdmtuBAutxD0bjw15G62TK0mn9CNu55SZfvhpd8BGk=","qIeqUmvHpYR5GBetehllQB9naE4ZBDOPWef64pp70Ww=","xAzlO+RIWmSC+ai4DZMfcGwCm/MmDRE7AG5uItmekhg=","VRb8OxCpjut4Qy5upEFsQ8K2EQ/xLYzsV3+rcEzUpCQ=","cwX+umXbTXblQPhLnKqHr/qY096r7p+IpGxCpp0d07g=","arz3Z73ouL0IUFvaRyn3YtXnmuVoO6+Y3Kp/++9qzmw=","BExPgp6tgJ/5ZOYAtm/xskdaMarEp0MHvqlgVl06KvU=","1mTBFyr2e1Qlv5lfrDPCMXqGitts+9NE4vs9nLSNK54=","Sln7KlFCu+2n9u+T/2JVq7u2ktpo9P0isXxje7hq124=","EVN7u5uFGBjSZyZGJATz2YUJE7R4vzGx/RZ+aW6aRZw=","Sfk/RsBPhk0DF70C0WeT21QQf/j2JmzsCxGzK2g2+wk=","EzlsYHcnlMJ93ZrIencQTtbJdSQ31MUFz2CmhBoNIcM=","0Sqn0Dkq56FAwcHqEb13AEKJrvU6EXsZ1n2OnTBAxEA=","DuZtq/FwmIn8dQ5MOWDYc6PleWGLueCrzuuc7LanYAs=","0Ume+XLxkbRKpFRiGVxzE5SGkrRuM9yX7klJ/BMLUiI=","HyDgszUVOMvJk3Oru8ZRJhyTBS60fR1gCNhom0RRtww=","X/IBBjaVIHdqd5uEFjiZmewSBdWIrFW0uNISLMlmLFE=","+n0Ls2B6lMg7VZJCd30zn1hPLqxfFfm3ykdvipi/Aik=","YMAYyqVTqZ0shH/GBRC9HDw7y7idnvCoav06ScKZIr0=","/mGK2C0yLqkmePLXYjeLam2qCp4m1ozqrq9V8+rtm2c=","1BgwK+dWOvjcHU/Q4dybYpHMTox1BXbWuSa9PNQ2pcc=","HBBJQ1PHpaZFdoHkVg/xZ6mIravJPlVfcVTfdsLfJsA=","gINYNEM/EA2KT0XmTp0oBEevo74VeDhHg7iP2ErW9T4=","H1TNmgIPi4nTvgR1nq0jYswQQvPeCl22nEU307DbU9g=","8O0nVn6WCUSPh7basuruw08mWrJOTgSjbj9W+myd26o=","BJCu82oWo+D8r7mHYBHdE5tjnm4QIWbL0yBFafW1k98=","gOMrR3wXIUhC0gxg7HwbZMc/Fi1r2yp/O4Yl2/C7oOU=","36iLDMnKu6mxkVIf0gr/dmEP08oqaWUerwf4zQ32T2I=","tdqCXj3piPDcPLTbOJKqSxXAIH4I6f70YT0mWL9GnQ0=","uPYIuwuG0OYvKyRz3GBN4FyKAh0qRtFpDSukap9r6D4=","Z6T7F+YrGunEeHTDGoHL52KOY9Uy3w7COHyvR6hJy3w=","M0ZfC1i0Hft2DFvQLKYQrDIGjRUv/p+8gkZK3K8vbHE=","V2/1EtCtk8Eer2xYjU2F3Px6Z8R3Hh5tIXb+jSGrSE4=","CJniQHNVCJC3OwkuikuWtpnPaZgUUw0a1XiTp8/aLso=","c4Y/5d1KICm5luFYHd8JitgE73Q1XuqR9LRohNeqEFI=","eXb3uDjeac3HnUZM3ZM3JxQOuyKBUqyZ/u9cU13lsEA=","t+Yi1u/jLau4ep3orEKlsMPZGb85F1fey0VIxtrW+O4=","tCidWzy+5aZ8GyAfUUA3T0ko1msKsP0rfxByeBSonBE=","9W9hSxJKPZb5Vxo4KQL4jPHtJTmd2E5rp+tCLwFUsEU=","XfKhpmdCcYwDynY9DWC8XBI+q9MuPH6ILp3VaqQkAt0=","mhFbqjURxN6z6M6RUFtbJDd4dIS4FyTd7Oe8Q10Opwg=","nxq4FOtY/rPTNceruKRIzgbVs4fPI6xEX98ItDoA9mQ=","mY23SywJD8brf0LudUaLIY/jbGwKbQNIpoDs0D+y5aw=","R1MKkPQTEmvbqDnh06S3yP6CdMiC/B2cy5Ad+TbSm1A=","ivK9xKajPKPpKr7ohVmSi8QtJUkL/W+oJ8PKuENTrvI=","M2/0hl9PvXgc5JAb6dBx2K2cfbtCrFwlOWafqtUa8fo=","G0P8x4CFOdGKzmb5cZspl4h8iYHQtyUE79czoek3axw=","QwPCUIn3VCUORbBz9OBLRA7aqEKpdGon/wRL3PLn6Hs=","JWxLvJNum4/edZDq8WqWkz/8+E+8eiflxjGdgcYel5U=","y25Pm1+D8+oqs7nzNTHGvwRy4ApwAIJDABH1Vr7SQGo=","nGCEKuyCGmVu7X0Ec/iwVTgrsqu/BWaQ327440NHou8=","u7nys/goZURb4FjCVSGDapUM8vuC9JTZF7kFjrIUNAE=","j5TSgfPc/JyFx2B0bDLM3GVwJKdX+Gbh0hkJqDn/IRg=","dKJDPfreGWybqSptydTDHYnNNfZBNKx30Hsp0yulgbQ=","m/DKQa7rw7ov8kz4n9kXSJTWuX1d9XXRUHdRxqFdQ3A=","zW41Y96yPBFrWdZHfS49wxRRq5DjDe5O96967DC1Arg=","J908UNPBzAQs4pvIgp0a+3MaI9N+/xDRPtEoiiTy6nA=","xse8D64KWwgTAD/m9ElnWxXpq73bQAzvP2KM20EK5NY=","VlXer/Wtu2PYZAyHus4+OSgO3c5/n9roXeVvpr3etwE=","5EkysucXabg30XiDY/tIKlPue3KHZTr98XMaaEYjP8c=","RU2UPSk8F6RDENf+r/9CRgG3Q9afCoCnsVGuEeZr8Qg=","wQ2SJ8sqHJMYs2v8yAyJOfdVfEIrqW3Egw1dd4ReFek=","nTF4O7SwVv4mNr9wh7AaOXhW8Iuuf5v+DCawWHOt0h0=","tRH1WcBtyqyOgkMptUli8NBhU2SpLbgCkSCu2rSBhm4=","ff3heI4+NcZpLsr+Z8WnY+jfoeh4rFUV5rfaCIe0V7E=","S8L4XRnz8hAM5habB8WAN31oY1mGsoy/zsy7ROpUzJU=","pu1tW/k3RQ+6NJViyN6T5h0fWabAQOFT7ct0W7cyOuY=","ag3vZIqJxYDK8nm6vfgPXVMUhBvEUh/CcLCRAhEWljc=","f33pOhSiOItYkX+lFtbG2kd1jurJjcXxYmhhPIbrwLY=","i7TiqafLKApsZsfGuHjrac9aSzHrn38wh3/AYfV6ApY=","Nf094QobZiOiB70RH5dLs4ulGvsKsBRVt48H9rFTF+k=","wY30MVgdH0d3OiXqyGNArEzUNdbTHSTfZHCSyduQgO0=","oUBf8gLPe2dWSsUi4Dt+LehOFdYY6G2C2+/iDFg1l2Q=","suM43eQ6rn6d1pa421A0HckMWzutvISvOmeN1f7lUbQ=","jcLsH78cLXbA+3aW0PPOXn+NjJyfX4XGKySTBxLr+fk=","ZfCq59ukhPUaXlIbxY/xE3Q/BicEkhVu2Ghp+kM6rfQ=","7pijB0J/ojVnTr6eRSIphWm4haeKqPpWQZkHml6li/8=","q1iyun2mi5RCXYUG+WDtSV4/W1FCYjkol8AqkRoad/8=","4vKBQ4UAW59ubTg8JgSfQFYjyJQnNyXR7YIPC7JNO58=","x9+IwHBWI51ciHy/KNSnSR6dnEUDQZ0Nhy5wGm5EVEY=","4PcWZD2qtKZ7zHhDS80+dQG4dg0biQ+F6uGgC+jq3ok=","fNJc88N1PeX+4Z2jiN4bbj01YpG21RaPQ4YYV02S9tA=","WcR3Hi4BN6GxG0Wjzdc0040s95Cjj9/X7Y9jw6Z+/DE=","XP26gOYDPVZ8XjbLU4la+DpTT2grS/BhanoBXg0jlb4=","6XVwFtsfsE9W0fF2y5N+UYe27EAxJesgk2qvmqWYozk=","MAU7BbfPoPhpdKxx+O0ml12tXbHs6+9B/Adx12UT6cs=","Oghh/3274Zj1VH8POVX0iSxOnW9PVbi3fEGJvkQW8p0=","DuDPpPy3lgjdkBNlz8LM3D8tO63FHJslWkO6ZsuJxzY=","cXUzw8V035wNsEqAt30IP0+zc015/ZZvbkBxaNdV1YQ=","NHafoqJkBt+TnpAZPkiKmMXbP7tCuSzDmje/wkar/28=","GIt/3Ve7i8A/YPTK/kurb7NmuVxUtFcwGRScPMZ7dQA=","wNvJ1LdRxTf2MLL6zNxlimlfc+97ZsTPXxVQloOCC8o=","SwUS4OqqnS46ZiJz85w0QfxCKcZkg+9EaTsZgM3PlSY=","1zl2PT/mbYeLXiMhXY3yAym4IN/Wzs31/em1T44uDig=","d6kSRZf4FNFlTUqyST2oFBQnqzqnrJ0EC1SrxxWW5YY=","A9XdYAKrffu2cqrWwCApkTMLyj7j7vOtdALjTSU05mA=","RVE066itqB5zW8IzkKgkMCHCjvuDOFsCytkOE+TNsLY=","1aJLWQ0iXUUg7QLje0JmcIq7waUEugO2MsshluEGZOc=","OeUljOIy0Rtn6UaImIZ/kvj9xUQmAlOAoMj2Xm3Qlko=","zHX1JsKCD4EWUwfq/R9CXORcu4aUKuZ8NjlvnIyVTLo=","X0q/11CK2N50Or39d0KcA9Q+VQq9lj+iwegWyVEHzlI=","UiPVUtqNIkJ8QGjRlMqxKq/KYfm5hyZdipYPOW/H0QE=","OGKMO7KB2PaET/Poq/HdW2JHzgFeFRt5gCPx9Q65u14=","6Wi1xKuEbzHcymX2D58IzNkIDFlohlFRR6Yu0kj48qY=","RPyNvS9VYwPJ4ElcUhn1uLXyPYD+TRGz8p5Q0yLJGJg=","l223JjXYhfzyj4trQH/qxacnHswYNBqwcOoE+cUkgXE=","olhOGkVjm7FPpuwbkLw3zgZkIqg0yQwbAIeiR3mNqVw=","pwerJ8PJCAfcc/Ry5ZRGaczgZt90cW6NY0PRMfElmaM=","rimU7Zo9e5IelhDLySa4G0k9tDQPYTZ9V5LIz80P3nk=","lwc2rBUkNPpcipoxXuWpdQqcS8fWHNzlr94FowJq/yY=","ysVkliBKfXQY41m27KQrnFELaY6BIoH0Ripj3jwKtPE=","IOZWn/DHefDSNX0++cxI4gMUOAPdffg6xSDRSYgMl6A=","GX0Qwy7WRlW4MLoE+t5BDRGtISI4hw6c1SvxlSu8Xg8=","0lOpjOUx7IIdzm1ZaszIdj+q77u6T7ln2o5MLveqRj8=","BgNTfj9QF4SeafPj/UaZcocLQ9ZiBIfyuUvhok0i01E=","28GR3nGcLymjrT7/6yvCdLWDfTFWgxCknhB4pKKZT4Q=","1Fk1QGzdXgm+V9XYInqL9TZOT8xv84ZR3qBnn7LM2ww=","JTBB5EBA3fcJ5pU2Tkf0GbK7kbjSS1jEL/A2gXTLSiQ=","TTB/DkNBwuOHumkkqyRbVeFCQUpkm8SCd6JwBf5msRM=","u0mVY7xqF7G8+Yei7FEupVl4eRIbaE1rB+v0PylbC4I=","w8YI2PXX21O/RPzza6nUVdFsYpV0R10ZDVOre1oAkpo=","sCTuI01RdV65qt+BA8Pe3tLKuL1r4IWj2PRSGcAuvtg=","z9yNM7IDQ6ZDEA3JvbcTz/yiZ37Xta0m3UJ+iJLZ+Hk=","cN1uUTn5+g4Yno8wprEdLkZbiCPcTwVO1JfA2tx+dzY=","QQHQg3Hg+JJHuGt66zznUeSSr9KotPySZiuePR1cC6Y=","71RHlcIoEpF4xz8xUQSUbsRQ8fYJqlXKkczbKhZ5klw=","gdF8y37g07UaAFBLK4m6Yqxr0UJm73dl3wl/R5zJpQg=","IC9bJpPL5qJFhOOc4cJNCmly9igeFrIEL+tym2XgKOQ=","iih5xmMC6CphqlqLSOjFEx9hDWMGYNIAcLs/qOCi5ts=","mpuTwF6VW9ltgTzHo3M5m5G/WKyrkJ0mWgKpR7O2ka0=","iWMzJHm6cm1vPyKz0rWOPHjW+0jMZ0Zzrgu1gNUe1Qc=","N9suxEp6+GwTOOyaQddU8WUnfsvUSk3KTUq5ColdCI4=","lqQJn+FOoIfM3SGnoh8Pf8CWiYgN2i7aLM0nUhB1m30=","HI3bvOwy3AdhieOYxgChH0iTtXC8KgTtefaKbVxKqn4=","2q056oeEYbLC/TlfiC3QEVNQz1CGwxpVI14K2tL/c1Q=","fsh3ll77UniVsrjUBFEzJBZS2LBT9wtlAS87Pz3Pj6E=","gDmJ7N5JllcOnPzwC8SOa9jRTZZ5FohL3dI5TsS8BXs=","3wJ64Xq4znsDYlyku4WaZjUdIpaCuSGO/A+HQ5uuZSA=","dl62ERMC4LuuMpcKIeKjuX8bPtKZtUwToBYYVuQ80LM=","nLHDgTXHSW8jBOvT6CP5ug+tGfl3AWf+hRzFeHhi+yQ=","RXillzQi9cQrVLtGT7WJjaxNMRzQIvYLK4BHec3WH9U=","Iq9MMsbujX+Llplhl00SuCPsHrIQJoWi/WZE03E3fHw=","jOko8eh6j/7vm8UFWkC+FavNXjUrVtfPxiNtbFRq1is=","0/ybLMSwB7DRKBmJPGYZPrzLVfh2tiQ5ue9XWQt4o64=","QkqMlcr2+f44IfRtdgZfAFpaRu8WxVhCYa4cxKnfEJ8=","GUMtM9+rSek+CpE/wkv6aIPkVUtjEjI4YPKgiLAhNiM=","XmqYuwq4Q5N0fZ2pzcEiEcVDQrlBoNylDtdhO1wZ05k=","1HJvmaWwMd8sqwClpVssiSqH28EXwsd/R9xtZG4lQWY=","NVeX/dB9E5pNZqWKYiEAexjW0mozcS8PhOWNF/f5UW0=","hqOFtXzXg5pNrphoYh/9UfWQyCz6cv3j/Kw+cfuvyv8=","hMX0KTvj7y065Hy2NyI0zekeQqdfwKL/435rvSVdwvg=","BeyxU+QbXClNp4HemU9QeAqQ2iGvekKzXVeSmVIVa6w=","DbaqZH+DrWIO6dilNhIKjRrAucCSavKUCAsmRRzIXag=","PRr9R3iT2YireaLuCY5St8dKlUXv4UaYvv7tPxl9o9Y=","Ufdpbi4tlY1rpwOdQmWQAFj7hHIeCaSEN34DMEeviHs=","9Q3uL9a80rCwE8H26PG/FpgaiRhqoEFJHKfAuIac+5A=","3ZsC3+TOW6wu93+WqZNpEUbR04bPQSt3hekJJsrBcS4=","GELsbojXmHl0shYNuFbfgYBrOO3ybejgOnA3ekyTqsE=","JqQAbakOjvDMot9bj24boFfwtWVXHX/JfVndIguTsdM=","inZf8J3Hq/Vvd+arZam2wpuHNN7+dJpoJQ9OxsTKK2U=","pOL932wtgLeY6OjU/KMFEtID5YDp6rI5wQWZxJ1+Tlo=","yPg097gdz4WCeUb9I6QXQ9QT49fajUs5/lWwXrJFlYY=","1uX20eqxi6AEs5L+6re/xOBpNllt6OAJckHoIkPWmFA=","MPb2aLpMJtL4IS97slw2jAOwln3evifamR5qG3GhFyE=","JdL6oBWHswtd8yeQfiMvm83SY1TnGq/mIOi8Q0Y2HxU=","58pRUc6wex0ujQf1l75B4LZFF//rg201ZkZA9ss9meY=","01O5VbX/c2C6liibDHdOEDOBxlmfgD0Aup/SUeNRZRQ=","dRypU3/s5g8eOzNe9rjIyHsfKdrRos52/cfiub/mpHM=","duSMCsa+MQQKpsJzFlEUwzCl4z+m+lnryW8vKoOfeHc=","igPqqNt8MBQaRubmPG401jj+kVYJucnXue+gKcgmDTo=","qyxSBDS6CiTTFhZomDHexL7QsE9Hx2BB3rIAPyYCAA8=","sykMyqVxj0D1cMflrjYLI6wQyBxfbJ7MrmuQMEPiSeA=","FZCC9kKDLcFnJWmllhYvNnLGjR1fsxiHyYUzCXY6pHY=","9Rh+TR4udKdTtLiOfPaz7gReFL94IPJYb8k4+n0kwC8=","fZsKKAYYrD0sBFmaQ/HPdLhVu40tQslMS0AwMOapFdE=","P1CFFXDF699vZsK6haVJeJYujC9QkrZyVVCsaVKN458=","aqXi539fZ+7hW/G9pKZLiNCytbtRNLaQt+2LYc8I/Ps=","pUFryh+ZW2C5IPkG3SRdu/NFBfNXR5Ot+Yzfp8hGLrE=","c1+iw93LRXfQtETCdU60ScEg/mrQwS88WcGrZD5QpVM=","he0mCSB9A6BBk90xuNqVB3LldSQmZhEFGiR8YKdvKpk=","ioNMY0kFQSJXEl0jXhdlvD5PdGK5sLf2hSlepvf79Tg=","iXfdG/VS9a37N2+rU2DpfOj/tI6ViUqqG8ZDbqIjjb8=","dOka7GxM36rjLcB8PqS74TazV9aySw20I3+1DJyxe6E=","e4o73oJ18yiODB+GudxOp4JPmHZSFMsYuAuXSOrDchY=","Yi8NndUpmfsjKVxWqMzs9DFzCi2N1hEwPSB16a0tIb4=","LCTiead8ptmo+IYVfGan1G/3YRzhb4uvH8je+rRJOB8=","eOOFTxGa4lpvES3Y2LCfBGLKPI4XvHXozNDfgNWmFr0=","vWh63Ye1uWXfYGANLqR+LYToR+/Z5fxyeukNL1Gpkcg=","rLbrgtxZ+vnsv1MQuObLlFVucfpstEOcCzlyejLAD5Y=","b05dOz0M3GLJv5GgVSBtwKa+sGpX4f1h1z6aToe05p8=","AXVa3RGe7YVyWhQh98HqR3hcZOqhg1Irn21xspSREAM=","Reap592bVijTv+euNt/Od48ArUYXaxmV825oyQfpU3w=","f1scSSt4C7W12KTZim1rz3Zktapy2CG/gyTVuX/dReo=","p4DTTD7iVxYBmnqrm39L02aFQA8i/eNhkc+rpe9PWqk=","favcmq177+Fh0qgs7e/ncMnExoN3s+kIm9MoqQNo7FU=","41lvVT3a9xvetx5j+EGuSvC0DK8Wq8BcorYQ85wQPlo=","kowkLdVpUwolGPGRcVD/KWjPPN7sEe6nkFZdVIynK08=","RjQ1SNGd+Hxeynret/syE4V0PsUDa1pdUlnQ1wqRYDQ=","SOL+h6pOnquXdwsMwQNYltnOZM871kZ8YY1VjAWudhU=","K3pJuWHMR/p+CLDm/AL85/CMGFkOC93F8Y/JqtOu+XE=","qVS80B4uU8/9YyqG5ASigK4yYejxE2ltp/yC9J9MQuE=","mr7cNx1D5DzPh3cKjiiT6vBiyVY3wV0+b+JLANCTgtc=","6eqwiMkLIAXb9UIb10PKfI3CQPcqvvCfFAyqwvZrMBY=","mhqdGfu6FWucHZPbOS/k5ELdnie8XLWQEZsOSxevRlg=","QIS3KfoLuDpuTn67S9qpXABr2OJr2zrIKae3zwMIFHY=","fqnmIojWiFj3wX/7ARhN7ZmX5kIvtejF5ROaVe9Zy+U=","nuENywRALE8HZMaP+rrVb5UXQlPbFgMmOr953sC4eL4=","gJZbLMx3pgXJDQnt+QVlnQyld+fBz8Jnme1fxFZX+Q0=","YPUC9MDhhkH+XHuKCMCfnCCjBO3MAP251MFrpls9/z0=","gB0ZQ6NG0DdPTnBEJHc7a54Ws9jVy8xSMqTW6cAGOx4=","ucHFowizo104+9sSpDHJi6cfkAZV5vPz9v4RcogMC7g=","TNgTR3sooKBSuLKMhDOro/1hL66b3JkTXKAvldpkFFk=","hnEHgm9NwnmWhnFVjbcOWCnrnzXwm+W64RzsvgBI8LU=","m7Kcg9wMFgFSFIdOrRvFp70OMk2nJyozCiMO02kz5/U=","tSU3HEdXHw0ijLhGH9m1LvTMv90XBiU3IZVfJkNaS9k=","dkxVRWf4Byoff2RxQ8cPc+nCQJYSuE22T/EsurCSNGw=","Vs8Tekks3yQWy2e0y+bVMrDlLyr9QD31ekNaGEjRw3Q=","lkhToRg3bEDTDW/zTpVv2Bs42WPS8P8qzq5Tg2HMpGk="],"block_size":4096,"path":"dist/sidepanel.js"},{"block_hashes":["wuJmyOzrUqUMV/16+Wwh5J1o5sphcXCFdjWaAUk/V5I="],"block_size":4096,"path":"dist/tooltip.css"},{"block_hashes":["fj5QtULSlEboLiOSlFRAiPa7qPcAAouLaK4Y/kIP8z0=","x5XkCzIRNmeXWjJEqBTfaXYg2TgoyUleIGD967kHwNo=","A+Vc3j5a8bti2yOH311HuCEoqsFMeWPOPd7Cy/4n+qw="],"block_size":4096,"path":"dist/tooltip.js"},{"block_hashes":["yGZp0fPt3OCFG775qkqro6lTH0RHkD0JJ4aB2uhO7s4=","G/mci1yyMVtZ336fCX+hmptZsbGbek9pWYgF0RUmeDE=","XvjFqpUCPiNwqSHrD9xokYZQNK5MGbOe3g4wzStxqEU=","4m+aT0Pzwx67Bp/3r4+v4KX14z9to78o9iNYRFMVMOA=","BCt1HTiUfn9X8q/mmez1yKhHoGErR3QDTM46AiY0Tvw=","7RK+tuSuHZ01YszHoKuhCj047UGw19BwLoEgx2EVNdI=","4MuaiHZ9LV0wFUOS4MYm+gp5nEFrXCEpyuanA09khy4="],"block_size":4096,"path":"fonts/Inter-extension.woff2"},{"block_hashes":["UW9Yj60c0nb/lpeQ9np7ppNjQWaKviQpPyXDuk3FFMg=","cn4jbTp0bdHnssF1V4haBz/e2sZOMNKjSsPmwjNERY0=","xPy4qf/8v/1X30yEUneUAnuM92BXfXREbShJfzy1ISc=","e7pDbCoHtZdDZH0Be8HpCI+XOieibY+GoyIxE7FqCHk=","E/i2yhHUFDV86ica0s3ZY2VK3MM/bmM/IXtJiuztB3A=","bOBVn8cf5uk9BretwpuFZFEECl7D1Yk9/GOwKE6oTSY=","p0uzr/jGYr0SMuIlgoDJOf15b7jD3LKRKjBNTXdK/Gk=","jDqxqmnvtljRD7faak/wmeeDyixR7lXhxRggbw/ggQ8=","GKiifx40hX6QnJi650SiozXY8BdHHhCdfT1VWZCoXwg=","kN4ZGfXrcyPEm0tm1bOJsKQMwp0rjTcdIQ/SlxqR1LM=","3QpdzjTQAEoLvR0KTNZZNSCYlj915A5pygLH2X//2QI=","iKqpVJ1DOFompDaBh/KPoKa9MQTw7Ge03gteVMjSiUw="],"block_size":4096,"path":"fonts/Inter.woff2"},{"block_hashes":["8V3hifNg6lFJiLRUt3XR62PbjoDBure8zyRHnB40fSw="],"block_size":4096,"path":"images/amazon_smile_logo.svg"},{"block_hashes":["djB17HoNaARiDGE2/gp2RQEf7jSToiHjAilGLcy3dfs=","/Dh45nWjQ/YY70Domzoom0JVR5pfIGiPz9j456gb3Gk="],"block_size":4096,"path":"images/aws.svg"},{"block_hashes":["MPcDx1t3xRY480VNpREeTIdqzSdvg/w3kv5qBMHmxbU="],"block_size":4096,"path":"images/brain-circuit2.svg"},{"block_hashes":["yzH/52vsSQOTrYUdybPAvQL+26/biw9ouSla7Bfyiw8="],"block_size":4096,"path":"images/building.svg"},{"block_hashes":["d9AX43dWTyoW53GdmHOr+3zIgRgZz3uwNsPnUT1Myp0="],"block_size":4096,"path":"images/cloudUpload.svg"},{"block_hashes":["jJOT/2tDRuoZQGyFJYtJOYUh0synsxo41m5S1/av6eo="],"block_size":4096,"path":"images/emojiDissatisfied.svg"},{"block_hashes":["72gyDNlUll65LXXYWwozazeI8xWI0Cd0ZAH6CXlmuVw="],"block_size":4096,"path":"images/emojiNeutral.svg"},{"block_hashes":["e/RtJFRcZK1Ooq4Gs6TsE0EBGkLHciHCeJtkoqJScOc="],"block_size":4096,"path":"images/emojiSatisfied.svg"},{"block_hashes":["GXDAkCsYSHL3sOXAgNQbfcuESsMJkpIi08+bso3l4x8="],"block_size":4096,"path":"images/emojiVeryDissatisfied.svg"},{"block_hashes":["fTJWRWoyH3HF4uwZquH5toVkNxLTiPmaZ3srvLFaJ8c="],"block_size":4096,"path":"images/emojiVerySatisfied.svg"},{"block_hashes":["cupKiU4jQt4kIdJBvZoHtVd0mZYG3Zn5uzaVhCHyvV4="],"block_size":4096,"path":"images/externalLinkIconBlue.svg"},{"block_hashes":["+Xk39+I+5m9Qt4D3NHQI1sV6mQFp6ahU4pXbgvUnlIU=","cw2CThd20lysotevzbJIvrGcjdRAdVKpdQ83gkACfz8=","8+yCM1VBpKRZpjikin4WyxuuCGncKHfJsbIS/xo/ZqQ=","qxX7jQAAOs5VHfad5xvCcpoAct2U/BRzK1UiDuNXWA4=","twkJr/IYuoPuoAmqtsD3z4gFTTKjHsqbP+ssbN6/4i0=","AC7R+5kZM0y7H80bUVgjJcdnz3I7WHEsQ+KoapGmopo=","UvmMFxEu/5+dtn4m1O8lri534EvMhz39hKQ4iMAtd50=","1fYdHSCpvxQDo8zrkDRK0DhfrJdhZYWDZHYPk3e+Iig=","J5ugfjTtR2EPyLSyHnI72DhYa79jqHBeTSz9VQTOQSY=","+oV/2bw2+DuY+EZLNm0WtjGFe9UQWV4SmiwyCR23oZo=","fkmKhafRQnRPFY3fR6XpneMrmjifLQPn4vDjCXAbH34=","qFedHBQ9EdlLq7Sq3R6izpIpYRND3rh8GNooXOWEDqU=","xm+Oy0RHE7hB+37b8qA0u4dSlYmDmSi4bJkHPf6+fe0=","wb8l1Fx+za5tmtSfMF3Rc3m5BbBpcnAXHGVnx0Zuaa0=","uV059warEdOVsDpm/QLti7WJJteKYj3BMqcNsg7jFfk=","g+EEE0w6mtIjSCaQE+wffbsRrxe0NzOk/i8Q3f9BAYI=","jGxZhJ1yGzlquTxJ074b5W6ew3GHCl8p4b40fJ/I6hw=","UIckni7OV0oNNBnUxJI2aW5PMUD2G3t3VqFGz7FE2PQ=","dv7HHE20qfi3RSHpn9IynqdysqU4KNRk8BCT+oqf5Sg=","CEGPdf583Dqbz/ZvzI4SlhGTah3w9Jc5E7EnaVEov3U=","REvJpB5zdiIt6rFUhhe6KwErC+hXv1VuK1wxKYJLjUs=","wKjxwmiuki5/I0lLwex3RbnlcqXFDvF/0DkuGMZa36w=","sUHNPWgmQA0rwypN7ofS7XtCJoNJ2qsaz5U4ND+9dQg=","AWKr1PzAY8+tvrtwlSzILLK03MwumCCEFw3s8l0FSn8=","PbCocYN+BXOXD49H+7Pz9M2XfluiCWe15jv3Ppu5mXg=","RTpKWrz9nVuG06PqVAHldECBKeeSu0D8TU6AeCd5+zY=","ISjadi//W9LFWZfnDRWvqKcZln5/XAs5F5VBlVm4tJ8=","Vw2TKbOcCAxU8cAcZJaJwWBToMIMfzXXecHrk0YpiOY=","6A2AQM/iL8Fsipdbu86fgpHuwAv8bngGZoXeBrUFojs=","63zDwhEp25mSAk8lolBt8/UOVbVY/ruoXmrWleSVxww=","NhDG7XRzVNuYuP7euFfbExNEuAG8+x7k2dQrcf9PSew=","lFPRJG/PQ/SDi6yEnatj424/k2hyMAveVbw3tWY72sI=","F/jQWnC217wvrrDl0tjhGNVGcCapQT7zJqx6PmU5ab0=","tXblGxE+M6eUYKy8FSPGite3dV4+f13YXU452yXbNQs=","zAg4HVDrfPXPIK4O/VRteu8J0xSDMOBZzZuRjlqaysM=","b9qUG+TEFdnOT5IKCNZYqXzdzaNJk1vwrSil0a3rhwQ=","n+4s6KGeLWSkDDZzGIikD7w9yY8vUchJaXk5y4SoKlk=","chIdntL2vUxcYi0qunMfp+kwCkoTH9es0eECt7BN6R4=","cfemIkXBUsYIT0xQoGnEdTu70diKMeGcuqQAICYM1FE=","qqdwrO5SHG2/dJvzIeveUOVpYnUwm4XZ1CXWKmlSj5A=","zDyNtflFylKJocetV5ZtdENdjWrBUfriFikfiyKddR8=","EDsYzUDwb8rGqX2XLFm0T7HxSYAXuOBouBVjgigGKXY=","t8xBYL6gA2Wffpns4hLw+d/isLSvvBTjDK6OLWhF9cg=","tXboFNZ2BjxAIqtdHmaHyAGaRqy+dsyfH/q2RpxzAo0=","vi0ahd/zKiBDIIxi9TP7sMHx10UyQZO37YnL3jK85jI=","u0f1c5bNyCax/fnmIpKJsP80aIAPNQMMP3jCP7GVz9E=","0p/GbzdHrdIZvwme9IxQ/XHFGHrR1kWOgoyZ6Nuvl9A=","7YebQV6VeiRBzeXrXwqc7ea0LP1c82snSrxNeMGZ2g4=","gDBi8I0/rUf8EDW5h5Km7/ZZ3IeQclL2w5X6GMgaPeQ=","oLudnoHxAJ2K1NqICi+JJDoE01OemrIFxdA/OncScwU=","f4qJh5cEiXpMwg3diKGbH8v7iBwjoY4fCiNoVvYsJX4=","wymqrmPCsK12pjbV50YJuLXQ5oOtl3ukSzBLuoj+HRA="],"block_size":4096,"path":"images/favicon.ico"},{"block_hashes":["iArH8iskOM6oaNkpI00Dre6nEYJqGM34MqLPuBQr0zw="],"block_size":4096,"path":"images/favicon.svg"},{"block_hashes":["dPkaRuTYIiVg30cHoz+OhSZDjm5XZAmvbToIW2xkwRQ="],"block_size":4096,"path":"images/globe_file.svg"},{"block_hashes":["TNnOo20xrj3WnDZsW20WtiPFGzh2K9YpRLY4+BgCMYE="],"block_size":4096,"path":"images/left-arrow.svg"},{"block_hashes":["aFrz1f2Q4VhKSRq4wK2sXldm79mgysfoHm9JVu/nj1g="],"block_size":4096,"path":"images/msword-explain-16.png"},{"block_hashes":["u3Zq7an/bWIpVaW29+bFEdvv36zOmv0VJZtHCT0Yhtk="],"block_size":4096,"path":"images/msword-explain-32.png"},{"block_hashes":["T4dIhhcSdJoCCzb2GqHMV1S1G98WLj2Z5oAbD5n0+QQ="],"block_size":4096,"path":"images/msword-explain-80.png"},{"block_hashes":["+2B3TgWWrrJmvmzowEIRkNj0NidIE6xWf1oJm0bliqs="],"block_size":4096,"path":"images/msword-feedback-16.png"},{"block_hashes":["F6dupQ9+1wuLSBF2SX89cHXWSx+hvX2LLuHyID+vYCE="],"block_size":4096,"path":"images/msword-feedback-32.png"},{"block_hashes":["/7moBlcrHecB8htMqQZp+rdCP1ZZS8eFxa9zl+1exCI="],"block_size":4096,"path":"images/msword-feedback-80.png"},{"block_hashes":["7eYT0j+ir4O4tQYW9p6OumVLf71exxtcmPT6LRFCPLE="],"block_size":4096,"path":"images/msword-newChat-16.png"},{"block_hashes":["G9PRHOk9nEyppgK7iQk2ujKkXceyW6Z+vxLu2BHg8vw="],"block_size":4096,"path":"images/msword-newChat-32.png"},{"block_hashes":["ax/ApQEJ48Jfiil8ff2xegvx/wAJ0qNKpo0/HTi1O/A="],"block_size":4096,"path":"images/msword-newChat-80.png"},{"block_hashes":["9rTAfbpR8ZqQwyoZlQ6dZNQtY3d0AzavFEYs8LQgSa4="],"block_size":4096,"path":"images/msword-review-16.png"},{"block_hashes":["+1ryyWi9e3HDM2iqWR2Wp+YpEAWvw6zYxWYFTlD9r4E="],"block_size":4096,"path":"images/msword-review-32.png"},{"block_hashes":["NTNFZDfa2d7zHI3fRwEv5LJap/quamZQwbNGOl1+smI="],"block_size":4096,"path":"images/msword-review-80.png"},{"block_hashes":["7VY/Gp837HWVSJk9+MiSt7r28naun7/sNZFQT0UM4+s="],"block_size":4096,"path":"images/msword-rewrite-16.png"},{"block_hashes":["KZFtSqMLWt6V2SNoadeJiCia9bGf5icCphPhpMisRq8="],"block_size":4096,"path":"images/msword-rewrite-32.png"},{"block_hashes":["QErtl8nMN0jQapb1nQDyWrESvLKHVhsa3QKsWG7Pav8="],"block_size":4096,"path":"images/msword-rewrite-80.png"},{"block_hashes":["cSyQUzyg/O9mMtJwDvI44Dw+HzG5iVDDpZUC/mN/dAA="],"block_size":4096,"path":"images/msword-settings-16.png"},{"block_hashes":["yoemraGaJzFSGrkhUbpbbFUHHBlTdACNH+wmA6srIjk="],"block_size":4096,"path":"images/msword-settings-32.png"},{"block_hashes":["sFRmjJARqXOaPw89efl3r8ax+o1sz0J3EAh08JltRGw="],"block_size":4096,"path":"images/msword-settings-80.png"},{"block_hashes":["T55xafQx9YiwFadmf3fZpdLO9M5zuFS7mwL/fkeCbUU="],"block_size":4096,"path":"images/msword-summarize-16.png"},{"block_hashes":["2/u82cPoxX/emd9tneUU9W4f8h6TklOj9yMi78pocCg="],"block_size":4096,"path":"images/msword-summarize-32.png"},{"block_hashes":["Fb1MLRxCJojOXUFjx5SHS+vGJWuiwiVGYn6WqHA2wpo="],"block_size":4096,"path":"images/msword-summarize-80.png"},{"block_hashes":["PlrjFLac8x1fNKF29s0wP5FlKEv1bftLsu9T2UtQoRw="],"block_size":4096,"path":"images/predefinedPromptDocIcon.svg"},{"block_hashes":["PczPhW01jAwH7l/Bn/yxybe6BRtI//jMNwOIou8FoyQ="],"block_size":4096,"path":"images/q-logo-20.png"},{"block_hashes":["ygWjYeUGxPfpDpmIHd2hdraqUyj8GtInmgSBB2FIeKs="],"block_size":4096,"path":"images/q-logo-24.png"},{"block_hashes":["2ooVRRs7kuBlsefWL0rl5KVIsc5/S8fmtzsFkNRpUM8=","GysppdQnw1fDOIe4DgzQ2OJS6kuy6B5FmL5JL1XcN5I="],"block_size":4096,"path":"images/q-logo-40.png"},{"block_hashes":["/Qv/WXyLXZW7eON3DtifcOqesaFUmCzHhxVbs+PnRNk=","W0vUBR2Cyyyp6ilkLTBk5hxgklBwRSNFL6zm212nKVU="],"block_size":4096,"path":"images/q-logo-64.png"},{"block_hashes":["bLEHkKTBa+q7pAxlp8mFi94X/n2k/ZW3KlNBOj32AqA=","CtBmhBQ8nTa7fyBOPhIls70MiRSnMcQfBEUtnQocR/I=","kOKvJ0b2stGXX+DPo8sWqM/9y0ISPc7RhWFCHNiehVk="],"block_size":4096,"path":"images/q-logo-80.png"},{"block_hashes":["USiTe9CdmA3nkCMxhmhe/diIQqOg+CoVKTjpM4B8h8w=","TKJny3CwR0PyRwb2kih5x2mk/G/PMY8BuvcWdCnmqZA="],"block_size":4096,"path":"images/q-logo.png"},{"block_hashes":["tVYvK1Rm4dvEO0y8ViITAcOTf9sC2kyztVxx7keR0bo="],"block_size":4096,"path":"images/q-logo.svg"},{"block_hashes":["Y1VYbYgJ0hrnoSDNIcaiSotjIjy0yRRWvORrRosVwAg="],"block_size":4096,"path":"images/sim-logo.svg"},{"block_hashes":["hyfsLiEBsT9U/lv12rLaDJg0kDlYQLCkk+uy+xLavmc=","1t1Ky52Dw+T7CWTYBOvO/Gnohj9/2VuvnOAOJCDD2kA=","Zju3gRu37My99Xdex/h/aU02O/kuhTXoevhw/qUFGOg=","uyQa8aCpniZAYvpGedYVmd3f+QpTPbhqOZU+45bWGDg=","SeGvR8TaLkz7khMUIPU2vsVFs2pwXps89uB5xLtKBPs="],"block_size":4096,"path":"images/sparkles.svg"},{"block_hashes":["Hex1iJk56C/BIJn8IuG/mkuaB/oY+5aXPWehPBZfbr0="],"block_size":4096,"path":"images/statusNegativeIconRed.svg"},{"block_hashes":["nxlGAg/7rAVTuDo9fZd9Ed3CtSZv9VTkyY7WyJlRv8M="],"block_size":4096,"path":"images/stop.svg"},{"block_hashes":["Y1Ar57Yf/xaTR5rMA45CSMoaadGPFuyEez4L15mkX78="],"block_size":4096,"path":"public/index.html"},{"block_hashes":["BRlBdoxA74dY6nhxIgW1GFLstA5wpoTxkx2WDfQ0Kc0="],"block_size":4096,"path":"public/sidepanel.html"},{"block_hashes":["kdY1REnqnqvEgUg/xmuhoB8zwDSQr6jcDjIRuu7ELLY="],"block_size":4096,"path":"README.md"}],"version":2}