{"file_hashes":[{"block_hashes":["CR8fBoecMMd5JLVMK7lo9LsMUegRQG+O/H7auvIutY4="],"block_size":4096,"path":"aea-remediation-content.js"},{"block_hashes":["wZwFayeQsBmPEL67Ro/VzK6+LwTwfyQ6grqcDaGQ850="],"block_size":4096,"path":"aea-remediation.xhr.js"},{"block_hashes":["JRkVpIWfuW+t2Okt7kSPgIMadza4gdyTD/ZTTuoB49c="],"block_size":4096,"path":"background.html"},{"block_hashes":["Rqov85G6Uoe03mUT54atDJXeBklScpN7wqciGK10oEI=","3/8JPYjFx+wLREinV+BU5XuZlqckNa8yU3vYBevghE0=","oZ21/DHKV0P/HVHKCnziufoH+OIcPDD4h/bYYeoJc7k=","uL7lf6YmiHm9Qxbk5gU6rdDYcW+1DabbzkeMtQyuq30=","awnOfYKs/xl5Ac9pbceFk03BIeHYo9ir5H7rxOD5RbU=","+Kr1R6Rd5cuLjYemKs9mvg9yDBzg+t50FLAzBPBubcE="],"block_size":4096,"path":"background.js"},{"block_hashes":["qQreLRVO568tWzA2GgWwwrxqBcDVsDS72J2jve3+yzY=","9QrvUIDlzCpZ32ix07V+KImr2cFPVPPaOvgWg88tcl4="],"block_size":4096,"path":"icons/icon128.png"},{"block_hashes":["Jg7e5qUocntuXZfD2x+5ofo0sQcmMJLiwy1JIn1VQOM="],"block_size":4096,"path":"icons/icon16.png"},{"block_hashes":["qqgIeQQTv7PCBPS61YaASkwTuYcOPW5lSLL/q9GQqFI=","9PhqwrIJlalWV74GX/MNfpjqzK8zgHILY2bxTmQHJHI=","OwMcRLK3fuI5QBqNBGIASx/FpACesSo5OViyTdAohPo=","M8lZI6nIFoqae+Qnncc7ROPFd7DlVUNBDqlJtZu+Oe0="],"block_size":4096,"path":"icons/icon19.png"},{"block_hashes":["qnLZzqDyV9frZKEsRbLip2/8ha9/KqD9OmEgfsCE1oA=","9PhqwrIJlalWV74GX/MNfpjqzK8zgHILY2bxTmQHJHI=","OwMcRLK3fuI5QBqNBGIASx/FpACesSo5OViyTdAohPo=","bplQTdxkCuEpjU+6Ytd/DHPBNWAEUYn0oBRFUxEcLeI=","oxavVvQXpd3jnAzdcs2XfHb53RqWdsjmi37kfd/Obu8="],"block_size":4096,"path":"icons/icon38.png"},{"block_hashes":["dDVkpqHdADUJbcAO3K5cbLMoCV52dw2McgzP8fdxd5I="],"block_size":4096,"path":"icons/icon48.png"},{"block_hashes":["abaazqFaY7CdpaDZPbiGe3r5rF6JLrbuLYTRwaJhUyk=","I9xgaZyTJ3wpTxfxJMhapT0Vox5A9YWf4gWHTsGQGf8=","diRKFqHAuHg35j1620wEn1bippmb5DyDZUQTp+jJ5Q4=","2zlQIVucAI2VnVr4qUE9lfhjV/6xUYhDjXfyKJaXQSE=","/F++yh6LayCDEvhAiqA2iywfOtsohac6PgbbZvVGWUk=","dJwwMULBQux/OYb0F1E29pnInY+s/yEfFDuNjupp7qs="],"block_size":4096,"path":"images/header.png"},{"block_hashes":["eJgezEmMO50cIZskfBOXLYo7odQZI0whEJkW8fCc5v4=","7F8dmeuwA/qzLgOGGmh/cgP2cpY12XTjsH5d+FVbumg=","JcTmbNgBsar1z9ku5s9fYowY4+jxIaFrBTPO7PRwCX0=","NCBmyJAmcwjNBhjTvSiaqBeIibzs1QJSgIPEWM3rn8Y=","6IUG3ZEovgguLj5rLhxi3l0c5s99noIQA6ymNyyS22E="],"block_size":4096,"path":"LICENSE.md"},{"block_hashes":["+6Ssy/94l6Q+yjItlASzcqgv5rhpXesCv4nZswUNky0="],"block_size":4096,"path":"managed_schema.json"},{"block_hashes":["8YJJejQXnXiILvDIrz8UhsmhpnWhi5/jM6j8S8qVbVY=","/7jf1R7k8ENS+XRRmG4u/FNeKH2o4/fr4xozEUAoqzY="],"block_size":4096,"path":"manifest.json"},{"block_hashes":["yu8mb366EsE3jGSQ6vqoAPX5G5Wb3fwRTsfDcQI3H/c=","nWcVXmZsyC8RpilSnfpMbGqsfd544TEw0s6YJLE8IXU=","GtzFjM7dEYPUKabZOf7g2Z7ijeeZd8oSaMPWZEF+fHI="],"block_size":4096,"path":"midway-content-script.js"},{"block_hashes":["maK7VjAeM+mO2nZ01tBex7kcaXMXD37ThYGSJAPiAHU=","VupnGwbWiv8+Bu6nA3rhUpyPWgTB4VTl/Qk3QMm0STA=","U2RwnNssRGT0JjdE4wzab3Q3c9j/StS9ipAvwd/Q+kY="],"block_size":4096,"path":"midway-page-script-simulated-via-injection.js"},{"block_hashes":["E6Jkagem14sWk4KtMGUzApsLe3l2/z6YhZ8X60YdEZk=","90v6JDwvoKiTvphIXwPcXKn3AiRZMl5w6otdAn3iLK8="],"block_size":4096,"path":"midway-posture-error-revamp-content.js"},{"block_hashes":["HVhrHvzzh1aaj5FuaPHS4HJlygXNF+w1iBNJIDXD11E="],"block_size":4096,"path":"patchingutil.js"},{"block_hashes":["6rF4cts4xmgOgzVnugFPTiqNiZFnSvFrxbnLnlMv97s=","iXVX7mvEmbzMcSZEM5++w32R6uaYfXVp3vj9eNKx60U="],"block_size":4096,"path":"popup.html"},{"block_hashes":["YXfutx9LZVdg5b3QAKz8arPBx5woKiJsSWwoTR12Zv0="],"block_size":4096,"path":"popup.js"},{"block_hashes":["/r/5ZDhbWEvt/nenFC6zY1kCCAvcOQ1KkjBTMQBlme0="],"block_size":4096,"path":"sentryjs-api-injected.js"},{"block_hashes":["Yo4s1tJJc5mb/ruzOZE7PQbKUzmxmEBbqKFuMSagn6c=","4vKo+4aSxQKE0099qcehhKmlEUZEEVqK6Qy+ulL62aE="],"block_size":4096,"path":"sentryjs-content-script.js"},{"block_hashes":["R0E7S6dF23XdSqsXaiqsCh/bgWzYEcsnnJe1Vp8zd7Y=","N/Uwj1dFi7aUrxpLa56BtKFCfomUe8qZMPTUsteFG1s=","WVR6eRv+216UeOZ7TGVH0ON+5z6k/rgsIEO0MBym788=","oUtO8Lv+unY4U5V61EmL+8zvK0qA7X08J0qG8SyGPlg="],"block_size":4096,"path":"src/messaging.js"},{"block_hashes":["1pDHhtqzv8Kd/U1sTYxDxmkNqV7NnIxF2wO0IVFBsIA=","+sLNiSbZIgusx1+uZCKS/UpuwUs7E0cn9tfPIkRbKqI=","qD57GcOko9EW01zfYVgWPlXp0GGZlLiWnbIVoaTGoBg=","DzMIN3MvjOkpKOQXixkl00Hic9roa1dc5TcXT0iF1/o=","sJqLpOHHa6MdzY4rwQFhqz9YUvztNf44rDq+joX9bjE="],"block_size":4096,"path":"src/storage.js"},{"block_hashes":["a4Yq8qlIpxl7aFjsBLiUtZdh0CpRNoat/hrzRghbb04="],"block_size":4096,"path":"src/tabs.js"},{"block_hashes":["sNz9+lZ2r6oEHmtyWG290JTv0fFKf9MQP6NAWdFSA3w="],"block_size":4096,"path":"src/utils.js"},{"block_hashes":["TiXloAfIyWtde/kc4bgE6Ib7Ynr+/gV2VsmMHVSfFFk="],"block_size":4096,"path":"testAcmeConnection.js"},{"block_hashes":["lKI5pmAZ2YlHJr7yvOipHpNj1vpX+hsuhSCYpaTFx18=","0FfxCOIaho7CXeuy47clldKtLQURlwVwfkV5keRTV4w=","8TL7VXsvCAV7luSIhC0C6Jxn1UQCPFeQijWa9oRn7gI="],"block_size":4096,"path":"thirdparty/browser-polyfill.min.js"},{"block_hashes":["oiyUraib6QqlD1y0cw/AYrzAEWtk2/0UMrJqhzMpKgg="],"block_size":4096,"path":"thirdparty/jwt-decode.js"},{"block_hashes":["3TK6N++sy7FWVeaovZNDXKMO0OqBKaooFCEm6Ty6j7Q=","MrWG8cO84vQVQJsYbckocljTJpSwOnTtk3PwqiVtSjQ=","v4mqUy1jkWj575N0xs6/Oy3YFF7aw9okDBjxeDNWnME=","sRkKE+S6u1IWekVxScKR9xp8oQ6Lh5CNfniwWQJIkMQ=","ZJt1gSrmk3t1VYbv5hsyOVk/vmrCQ3cc19qYIe1tWrw="],"block_size":4096,"path":"thirdparty/sha256.js"}],"version":2}