{
  "type" : "object",
  "properties" : {
    "aeaConfig" : {
      "type" : "object",
      "properties": {
        "cookie_refresh_interval" : {
          "type" : "integer"
        },
        "cookie_expiry" : {
          "type" : "integer"
        },
        "healthcheck_interval" : {
          "type" : "integer"
        },
        "config_refresh_interval" : {
          "type" : "integer"
        },
        "shouldRevampPostureErrorPages" : {
          "type" : "boolean"
        },
        "auth_domain" : {
          "type" : "array",
          "items" : {
            "type" : "string"
          }
        },
        "tt_link" : {
          "type" : "string"
        },
        "patch_blacklist" : {
          "type" : "array",
          "items" : {
            "type" : "string"
          }
        },
        "extension_url" : {
          "type" : "string"
        },
        "remediation_config" : {
          "type" : "object",
          "additionalProperties" : {
            "type" : "object",
            "description" : "The remediation_config can have sub-objects containing mappings of messages to DOM for each OS.",
            "additionalProperties" : {
              "type" : "string"
            }
          }
        }
      }
    }
  }
}