{"file_hashes":[{"block_hashes":["3fFoWaFfPrMzTWJBl1yjmIrD6vw9lkUqw6Sv02RMhVA="],"block_size":4096,"path":"_locales/be/messages.json"},{"block_hashes":["pIJmMpKpE7AqnN5GNcfJInC/PIcm/SdEddwsSQAZp8k="],"block_size":4096,"path":"_locales/cy/messages.json"},{"block_hashes":["pBZw1SQjumnHpl5+FT57mZTo3QNwxYS9oHFL1hxJxXg="],"block_size":4096,"path":"_locales/eu/messages.json"},{"block_hashes":["mJBxDfD78dtBvOQf4vYkJKO9OddV0p6Cl0TtPaDCzh0="],"block_size":4096,"path":"_locales/gl/messages.json"},{"block_hashes":["Cxbj+L2QSnZyhDRa6GoKmSfEev6J4F6isTrYAAm9+eQ="],"block_size":4096,"path":"_locales/hy/messages.json"},{"block_hashes":["lD5hmIyFm7CI9UiInwRJiFUl3WYGJqibpnsslM+/uxs="],"block_size":4096,"path":"_locales/is/messages.json"},{"block_hashes":["u7gcMvSCujIWybEYnHDO85yowhga81OP+ge0xq1S8Go="],"block_size":4096,"path":"_locales/iw/messages.json"},{"block_hashes":["MImLv1G91Y2zl/94DwYeM0MaOO9c/CiLUXfs92s5nyY="],"block_size":4096,"path":"_locales/ka/messages.json"},{"block_hashes":["VI3GyW4xoWzjVdxVxkgzsI7z+6i/MxSQMbSmhZWeOvQ="],"block_size":4096,"path":"_locales/kk/messages.json"},{"block_hashes":["phGPCg3jKeB8AfU81vtP7UPlTF9T20zRx/WytNn7EOY="],"block_size":4096,"path":"_locales/km/messages.json"},{"block_hashes":["iQgvsFIpgmvCIvXSLBWCNfAl8ObfZ/8TWhi9iZ4Tu48="],"block_size":4096,"path":"_locales/lo/messages.json"},{"block_hashes":["YT2HUfbMnT+jGfS36osr077Tf9B3SCyoJZKd18Eqaag="],"block_size":4096,"path":"_locales/mn/messages.json"},{"block_hashes":["JDvvvWtnohQz3Ml9wacoiW06Bw3CAFXrBNZE4buVX+c="],"block_size":4096,"path":"_locales/my/messages.json"},{"block_hashes":["Fg4c1ZPJAccpHqTsunNRkdeT3f1+lkagVgSYYn9h2m8="],"block_size":4096,"path":"_locales/ne/messages.json"},{"block_hashes":["u9N9Qbfeb5OUj6JDenaZ1MMKPDnnNheXAvISyzajEzw="],"block_size":4096,"path":"_locales/pa/messages.json"},{"block_hashes":["VCQevmUag0QjXMR6/SdMCAq668jDolr7ldg3O2pWcKI="],"block_size":4096,"path":"_locales/si/messages.json"},{"block_hashes":["MPRM+tBS1z2G0S+iDPwRFWOjsuRSO0P31m2TS6jazpE="],"block_size":4096,"path":"_locales/zh_HK/messages.json"},{"block_hashes":["7Hjd1MzzK1127HAaIBZ8P70UbXmlBeT7BCH8Hlz0qmM="],"block_size":4096,"path":"_locales/zu/messages.json"},{"block_hashes":["bGnOD+b6sU8ZkKMg1wT+42LBdcAOtskiSqb0EQiRjKY="],"block_size":4096,"path":"dasherSettingSchema.json"},{"block_hashes":["ufotUqT/q7Q4tWGEExuJOwRlWwHzNgZkFdT+g57+ZOc="],"block_size":4096,"path":"offscreendocument.html"},{"block_hashes":["o9AT70DIrLjt1Klvzc4B5x7QnOan3ovuTCMvxtBpgjw=","cT0N8DRrxIuzFpNZCA9zmVlpbhq2v+NfFNSs1q7y6gI=","aTpiDwKwf2C9xes4d/+knm2iYUatHvzlVdGCeDQKA28=","xYSvKSY0P5ZcNOmGIV8uB2Q2POpWHX1I7PiA0SY6vJg=","eQUtcDPXxFEoFTYm/pzz6BjFxGLlW43aOO08+k6yHLg=","46dBtEXAYFHvC8DOC+0EK/cux+ASPig8sTGvkP0vl9c=","K7AKnmG7JKveHJY3cyLhesmuYk8uHMZ2ExaFUIDZOPs=","VFzoUBPY9fqjnBF/gLifijzLPxDZ9DZEEM4F11ZRyDo=","3x/LtYkLhfxtotw4Acvvv8rUmgmKBbIoCszsH8amSsw=","ZY+E76Um2GaZdMXWeCXCDXPI+NHucjxpjqPTPA/htA8=","q4obQLu1OkMib2/ch2xYnugwOdq8h2CYApyGI99Mdug=","AQEqZelm7fEf+wUpbxd4fP7IsDZMiUKtE53+OvwVo4g=","8TMVQI9bQsKbZHkcyVDBD+YFh3za4SEaLvY0Rpx+uTI=","WyHKamrwLOG83E4op0G9dijJyR++Bj6axD2qjiXRyg4=","GK219kCzVrUr89ncQw1bkoDwfZdvqkcfTY/aNpSQXHQ=","zlFGCI6uQlhQumF1cBjrPBR+pMrSy1MyECr8NQ2tKGY=","VEGoxcIEZuWmSxJFWXaEowGi82tGMcb1dEI9D+ZfJU4=","qaHR0AUBfIUcK1KeBH4FtyvHy416YEWtMbTDgZxJMJE=","RTcjAa9r95ke+Ar72GBvLF3Hd5jn7ltA/D09vfV3GDY=","c4t3qlo/jIQyWh/rD6/2rU2rUs2jjzpomvpnh976l+I=","NFN9TWfTkEEFzzrz6853o1ezR3vSrkmctumoxgXotNg=","DRbMgY5x9guwZF3+EaWCdz7XAYrwaakFCp1luIfLydA=","gmC2of8Mlq2b4HU3A4dG528iSlfFmU0YTfVAYCjB+rE=","k6x2dCEEt38ckoLSjM4b1TLEIToUMV7Zf5WA4FbS9ck=","sQodPE2ZoaFgbn3fIAjCU7+RRKgJ0nkCYQsX/17J4rY=","gXNm9xldXEele52sVj0WlSwAgvuvGzz+7DmlDxGywqE=","xGvZmlxYxTcJA8X2EGBovBEeoWxUNrn1EhAepL9W5H0=","oSYL51jD9nDj+2v4yZ6gpZjsUghSPrdA0qUBDyu+RAA=","4CsCbWjxkOpPRWJWJGQRy7yk9fpSi3Xq8qCIqbO+11c=","dvQtbwlEda5LQzbhdJbIJAWnNGAVBlLL+IL2nOP/blY=","xl9nkOTsJF8Nrbo25SRVh2dcwYt1BxG+yTSsT7UR70Y=","aoo76I231CmM/0SeqO1ndQZR3UXQQ593pfcp3+kPHRU="],"block_size":4096,"path":"offscreendocument_main.js"},{"block_hashes":["65xZQ4cqlvrucCts7OiK3CTaVGbFZ62JgZjwLuM2hoA="],"block_size":4096,"path":"page_embed_script.js"},{"block_hashes":["CRa0ZTn6DriZlf/0ALIIhKCoSMtLHlV0ykSHx/OWiW0=","S/13L1OB9BtEgzXO6iQ2Lf5+2/1eGB8W+L12s1C+z7c=","aTpiDwKwf2C9xes4d/+knm2iYUatHvzlVdGCeDQKA28=","oh76Yz3kyzXAdVGUARJyfyx8gb336W3fL4+gy6uaEI0=","EcGA38e11ap2kRKB4aiINC2dzKoGelCkMIisiAwBrhk=","76ic/K+V1gIK+bPUIYwuCZfuM6oPJTd9oFqV8DcStCw=","BIHd287Ijar6XpgJtY5zfW7zTvgRMJ3xcjToIqPX7oA=","5ZntkHvQIpBwMZO+MnxrU9p3ABFrNeBh5XEbXA20PpM=","qwFswLmqoO9Bao71C4XoeJ4jtDSTn36LYcd+w0V6yMY=","9ZUZlnX44f+V/0WxleeDLM2nXrjGulK6DNRzvTm0diM=","ELAUvm9g67zSUgaC/rhI4PrOhiCiM23ly69JWItmI8k=","LVgqMhcAEO+S6KvQ1rRbUZ6CVgGhC7JfdjBlM+cEKuQ=","dcRapj6XAlM9UBai9UeBcZQwHqucXPknSMpHLl0hzpU=","MG9vHtInRqOa88txUTYVb+2WeRZN9olWG+29CUqIU4Y=","cYhDS92j1o41heQNF1oNtrKk4+x6l0p/jcLBSG6bD5I=","9yloJPoV87QnaLWIImSnuAlOQ2guxGbdMRY5DmmBnR4=","MXLxX6WvF+9l7I4RqRFBhmz/RrM3vwta24DhdcG4uno=","VYTMvjHim0/cDZoWCLv7wvr5Lyfy6UcPmUKAijJydnY=","ui2Yub8EKjnmWlWX39f7U1NJsPexex7QSdO1foEAV/Q=","Rq84JgHh6DFw1YROzYsNspXN6BRvgG/JUJtzhP+/kTw=","k4wBOOhMwkVsO+UWg6pdW06UuItdlYyME36fyYZ3f3k=","g4ZRAOFZ/ztQxUAvxcYNXDX2Hr0DuM/9ZYk2v/IqyN0=","CcY6AU6sZomvYzqwXKHMgT1PchYNHNmtsG1Qv6kunxc=","hIvYkKm60bG1N3bObO43rhJcKfeVUyLya2tx/tCDRrs=","y2fOixe6+LcN5N4mScPx1Fbz3aUXW3loY7g/mxVobrg=","YnBsRuCmsAzxPp3WINhe8iTSqN5a7aGe+gSV3NsYC5A=","x7VFuuaM/0W87CXimT4PtkMSwa6GRKqNIFQA1idGoGs=","e2RXUdKRN+FRrLmwVtwtNJS65StCJpk4xmtVdoSvbas=","wGKIrBUvh4aUzHZrZ71LJhKq8M07YHmX4XlWgAKfyo8=","/MVpMzNQq0aYjVhJBPotGsXmdwcHThuvkOrnFydNsGs=","IRVf+vnx5K/uLVhvKyDk1mNrs1kRdY1fA1zS+zDwsjc=","esr21Y97QB3ZrQk44WFoNch6xgsZgsyL1ttH+r6kbCM=","kkpEkpxlk2eJAzL8Ub1JlF6ICQo/54dnRhYDkYPjpho=","KFXfJqwPLdw819Btwg31mhvFL+x1s2Ah9gA/2dVV8Hw="],"block_size":4096,"path":"service_worker_bin_prod.js"}],"version":2}